algorithm,id,name,operator_1_amp_mod_sensitivity,operator_1_eg_level1,operator_1_eg_level2,operator_1_eg_level3,operator_1_eg_level4,operator_1_eg_rate1,operator_1_eg_rate2,operator_1_eg_rate3,operator_1_eg_rate4,operator_1_frequency_coarse,operator_1_frequency_fine,operator_1_key_scaling_break,operator_1_key_scaling_left_curve,operator_1_key_scaling_left_depth,operator_1_key_scaling_right_curve,operator_1_key_scaling_right_depth,operator_1_key_velocity_sensitivity,operator_1_oscillator_detune,operator_1_oscillator_mode,operator_1_output_level,operator_1_rate_scaling,operator_2_amp_mod_sensitivity,operator_2_eg_level1,operator_2_eg_level2,operator_2_eg_level3,operator_2_eg_level4,operator_2_eg_rate1,operator_2_eg_rate2,operator_2_eg_rate3,operator_2_eg_rate4,operator_2_frequency_coarse,operator_2_frequency_fine,operator_2_key_scaling_break,operator_2_key_scaling_left_curve,operator_2_key_scaling_left_depth,operator_2_key_scaling_right_curve,operator_2_key_scaling_right_depth,operator_2_key_velocity_sensitivity,operator_2_oscillator_detune,operator_2_oscillator_mode,operator_2_output_level,operator_2_rate_scaling,operator_3_amp_mod_sensitivity,operator_3_eg_level1,operator_3_eg_level2,operator_3_eg_level3,operator_3_eg_level4,operator_3_eg_rate1,operator_3_eg_rate2,operator_3_eg_rate3,operator_3_eg_rate4,operator_3_frequency_coarse,operator_3_frequency_fine,operator_3_key_scaling_break,operator_3_key_scaling_left_curve,operator_3_key_scaling_left_depth,operator_3_key_scaling_right_curve,operator_3_key_scaling_right_depth,operator_3_key_velocity_sensitivity,operator_3_oscillator_detune,operator_3_oscillator_mode,operator_3_output_level,operator_3_rate_scaling,operator_4_amp_mod_sensitivity,operator_4_eg_level1,operator_4_eg_level2,operator_4_eg_level3,operator_4_eg_level4,operator_4_eg_rate1,operator_4_eg_rate2,operator_4_eg_rate3,operator_4_eg_rate4,operator_4_frequency_coarse,operator_4_frequency_fine,operator_4_key_scaling_break,operator_4_key_scaling_left_curve,operator_4_key_scaling_left_depth,operator_4_key_scaling_right_curve,operator_4_key_scaling_right_depth,operator_4_key_velocity_sensitivity,operator_4_oscillator_detune,operator_4_oscillator_mode,operator_4_output_level,operator_4_rate_scaling,operator_5_amp_mod_sensitivity,operator_5_eg_level1,operator_5_eg_level2,operator_5_eg_level3,operator_5_eg_level4,operator_5_eg_rate1,operator_5_eg_rate2,operator_5_eg_rate3,operator_5_eg_rate4,operator_5_frequency_coarse,operator_5_frequency_fine,operator_5_key_scaling_break,operator_5_key_scaling_left_curve,operator_5_key_scaling_left_depth,operator_5_key_scaling_right_curve,operator_5_key_scaling_right_depth,operator_5_key_velocity_sensitivity,operator_5_oscillator_detune,operator_5_oscillator_mode,operator_5_output_level,operator_5_rate_scaling,operator_6_amp_mod_sensitivity,operator_6_eg_level1,operator_6_eg_level2,operator_6_eg_level3,operator_6_eg_level4,operator_6_eg_rate1,operator_6_eg_rate2,operator_6_eg_rate3,operator_6_eg_rate4,operator_6_frequency_coarse,operator_6_frequency_fine,operator_6_key_scaling_break,operator_6_key_scaling_left_curve,operator_6_key_scaling_left_depth,operator_6_key_scaling_right_curve,operator_6_key_scaling_right_depth,operator_6_key_velocity_sensitivity,operator_6_oscillator_detune,operator_6_oscillator_mode,operator_6_output_level,operator_6_rate_scaling
22,1,BRASS   1,0,99,88,96,0,72,76,99,71,0,0,39,3,0,3,14,0,14,0,98,0,0,82,95,96,0,62,51,29,71,0,0,27,3,0,1,7,0,14,0,86,0,0,99,98,98,0,77,76,82,71,1,0,39,3,0,3,0,2,5,0,99,0,0,99,98,98,0,77,36,41,71,1,0,39,3,0,3,0,2,7,0,99,0,0,99,98,98,0,77,36,41,71,1,0,39,3,0,3,0,2,8,0,98,0,0,98,98,91,0,49,99,28,68,1,0,39,1,54,1,50,2,7,0,82,4
22,2,BRASS   2,0,99,98,80,0,99,39,32,71,0,0,51,3,0,3,38,0,14,0,99,0,0,99,98,80,0,99,39,32,71,0,0,51,3,0,3,38,0,14,0,84,0,0,99,98,81,0,99,39,32,71,0,0,39,3,0,3,0,0,4,0,99,0,0,99,98,81,0,99,39,32,71,0,0,39,3,0,3,0,0,5,0,99,0,0,99,98,81,0,99,39,32,71,0,0,39,3,0,3,0,0,8,0,99,0,0,99,98,88,0,99,39,32,71,0,0,51,3,0,3,0,0,7,0,80,0
18,3,BRASS   3,0,99,86,86,0,55,24,19,55,1,0,0,0,0,0,0,2,7,0,99,2,0,85,0,0,0,37,34,15,70,1,0,0,0,0,0,0,1,7,0,70,2,0,99,86,86,0,46,35,22,50,1,0,0,0,0,0,0,1,7,0,77,1,0,53,61,62,0,66,92,22,50,1,0,0,0,0,0,0,0,7,0,79,0,0,98,61,62,0,48,55,22,50,3,6,0,0,0,0,0,0,6,0,70,0,0,99,0,0,0,77,56,20,70,7,21,0,0,0,0,0,0,7,0,79,7
2,4,STRINGS 1,0,99,85,70,0,45,24,20,41,1,0,0,0,0,0,0,3,7,0,99,2,0,82,92,62,0,75,71,17,49,1,0,54,0,0,0,0,0,7,0,83,1,0,99,85,82,0,44,45,20,54,1,0,56,0,0,0,97,7,7,0,86,0,0,99,92,86,0,96,19,20,54,1,0,0,0,0,0,0,2,7,0,77,2,0,86,92,86,0,53,19,20,54,3,0,0,0,0,0,0,2,7,0,84,2,0,99,92,86,0,53,19,20,54,14,0,0,0,0,0,0,2,7,0,53,2
2,5,STRINGS 2,0,98,98,36,0,48,56,10,47,2,0,98,0,0,0,0,0,7,0,92,0,0,99,92,28,0,81,13,7,25,2,0,0,0,0,0,0,0,1,0,74,0,0,99,92,0,0,51,15,10,47,2,0,0,0,0,0,0,0,13,0,92,0,0,98,98,36,0,49,74,10,32,2,0,98,0,0,0,0,0,7,0,76,0,0,99,92,0,0,76,73,10,28,2,0,0,0,0,0,0,0,7,0,66,0,0,99,92,0,0,72,76,10,32,8,0,0,0,0,0,0,0,7,0,70,0
15,6,STRINGS 3,0,99,92,90,0,52,30,25,43,1,0,0,0,0,0,0,1,7,0,99,2,0,82,92,87,0,99,71,35,51,1,0,54,0,0,0,0,0,7,0,86,1,0,99,92,91,0,50,52,35,41,1,0,51,3,98,0,60,1,7,0,99,2,0,99,92,89,0,96,19,20,54,1,0,0,0,0,0,0,2,7,0,75,2,0,86,92,74,0,53,67,38,54,3,0,0,0,0,0,0,1,7,0,84,2,0,99,92,56,0,53,64,44,54,14,0,55,3,25,0,0,2,7,0,54,2
2,7,ORCHESTRA,0,98,98,36,0,80,56,10,45,1,0,98,0,0,0,0,0,7,0,99,0,0,99,93,90,0,53,46,32,61,1,0,0,0,0,0,0,0,1,0,83,0,0,99,92,0,0,54,15,10,47,2,0,0,0,0,0,0,0,13,0,96,0,0,98,98,36,0,56,74,10,45,2,0,98,0,0,0,0,0,7,0,72,0,0,99,92,0,0,76,73,10,55,2,0,0,0,0,0,0,0,7,0,80,0,0,99,92,0,0,72,76,10,32,2,0,0,0,0,0,0,0,7,0,82,0
19,8,PIANO   1,0,99,82,0,0,81,25,20,48,1,0,0,3,85,0,0,2,5,0,99,4,0,99,75,0,0,99,0,25,0,1,0,0,0,0,0,13,0,9,0,87,5,0,99,99,99,0,81,25,25,14,3,0,47,3,32,0,74,0,7,0,57,5,0,99,78,0,0,81,23,22,45,1,0,0,0,0,0,0,2,8,0,99,5,0,99,14,0,0,81,58,36,39,1,58,48,0,0,0,66,1,6,0,93,5,0,99,75,0,0,99,0,25,0,1,0,0,0,0,0,10,0,6,0,82,5
18,9,PIANO   2,0,99,62,0,0,80,24,10,50,1,0,0,0,0,0,0,2,7,0,94,3,0,99,75,0,0,95,0,25,0,1,0,0,0,0,0,10,1,9,0,86,2,0,99,85,0,0,90,27,20,50,5,0,32,0,0,0,27,1,8,0,83,5,0,99,86,48,0,97,27,10,25,1,0,0,0,0,0,0,1,6,0,84,3,0,99,0,0,0,90,71,33,31,0,0,27,2,0,0,26,1,7,0,94,3,0,99,0,0,0,92,71,58,36,0,0,36,0,0,0,98,1,8,0,78,3
3,10,PIANO   3,0,99,95,0,0,90,30,28,45,1,0,32,0,0,0,0,3,3,0,86,3,0,91,90,0,0,98,36,6,32,1,0,50,3,22,0,50,0,11,0,85,2,0,83,67,0,0,94,80,19,12,7,0,43,3,9,0,20,3,4,0,97,3,0,99,97,0,0,90,64,28,45,1,0,46,0,0,0,0,2,10,0,95,3,0,91,90,0,0,98,20,6,2,1,0,41,3,0,0,27,1,5,0,87,2,0,99,19,0,0,80,73,15,10,0,0,53,0,0,3,0,5,9,0,84,3
5,11,E.PIANO 1,0,99,75,0,0,96,25,25,67,1,0,0,0,0,0,0,2,10,0,99,3,0,99,75,0,0,95,50,35,78,14,0,0,0,0,0,0,7,7,0,58,3,0,99,95,0,0,95,20,20,50,1,0,0,0,0,0,0,2,7,0,99,3,0,99,95,0,0,95,29,20,50,1,0,0,0,0,0,0,6,7,0,89,3,0,99,95,0,0,95,20,20,50,1,0,0,0,0,0,0,0,0,0,99,3,0,99,95,0,0,95,29,20,50,1,0,41,0,0,0,19,6,14,0,79,3
8,12,GUITAR  1,0,99,95,0,0,74,85,27,70,1,0,0,0,0,0,0,5,7,0,99,4,0,99,86,0,0,91,25,39,60,3,0,0,0,0,0,65,7,7,0,93,2,0,99,92,0,0,78,87,22,75,1,0,34,0,9,0,0,7,7,0,99,3,0,99,92,0,0,81,87,22,75,3,0,0,0,0,0,14,4,7,0,89,4,0,99,92,0,0,81,87,22,75,3,0,0,0,0,0,15,7,7,0,99,4,3,99,0,0,0,99,57,99,75,12,0,39,0,53,0,20,6,7,0,57,0
16,13,GUITAR  2,0,99,99,99,0,95,67,99,71,3,0,0,3,82,3,0,2,7,0,86,0,0,99,99,99,99,99,99,99,42,1,0,48,3,0,0,0,7,7,0,87,1,0,99,99,99,0,99,99,99,71,1,50,39,3,0,0,40,7,7,0,99,0,0,99,96,75,0,92,99,15,71,0,0,60,3,0,0,0,0,7,0,70,0,0,99,99,76,0,99,99,12,0,0,0,60,3,0,0,0,7,7,0,85,0,0,99,96,75,0,99,44,1,71,3,0,60,3,0,0,46,2,7,0,73,0
18,14,SYN-LEAD 1,0,99,95,95,0,99,0,12,70,1,0,32,0,0,0,0,0,8,0,99,1,0,99,96,89,0,99,95,0,0,1,0,32,0,0,0,0,0,6,0,71,3,0,93,90,0,0,99,87,0,0,1,0,32,0,0,0,21,0,7,0,82,3,0,99,90,0,0,99,92,28,60,2,0,48,0,0,0,60,0,9,0,71,6,0,99,65,60,0,99,99,97,0,3,0,32,0,0,0,0,0,5,0,43,1,0,99,99,97,0,99,70,60,0,17,0,32,0,0,0,21,0,7,0,47,3
16,15,BASS    1,0,99,95,32,0,95,62,17,58,0,0,36,3,57,0,14,0,7,0,99,7,0,99,0,0,0,99,20,0,0,0,0,41,0,0,0,0,0,7,0,80,7,0,79,65,0,0,88,96,32,30,0,0,0,0,0,0,0,3,7,0,99,6,0,90,30,0,0,90,42,7,55,5,0,0,0,0,0,0,5,7,0,93,5,0,99,0,0,0,99,0,0,0,0,0,52,0,75,0,0,3,7,0,62,7,0,93,28,0,0,94,56,24,55,9,0,0,0,0,0,0,7,7,0,85,1
17,16,BASS    2,0,99,70,0,0,75,37,18,63,0,1,48,0,0,0,32,2,7,0,99,3,0,99,0,0,0,28,37,42,50,0,3,41,0,0,0,35,2,7,0,80,1,0,97,78,0,0,73,25,32,30,1,0,0,0,0,0,0,3,14,0,68,3,0,93,57,0,0,80,39,28,53,0,0,0,0,0,0,0,2,7,0,99,3,0,99,74,0,0,99,51,0,0,1,1,34,0,0,0,32,2,7,0,75,4,0,96,97,0,0,25,50,24,55,0,0,0,0,0,0,0,7,8,0,87,3
32,17,E.ORGAN 1,0,99,99,99,0,99,80,22,90,0,0,0,0,0,0,0,0,5,0,94,0,0,99,99,97,0,99,20,22,90,1,1,0,0,0,0,10,0,1,0,94,0,0,99,99,99,0,99,80,54,82,1,50,0,0,0,0,0,0,11,0,94,0,0,99,99,99,0,99,80,22,90,0,0,0,0,0,0,0,0,12,0,94,0,0,99,99,99,0,99,80,22,90,1,0,0,0,0,0,0,0,9,0,94,0,0,99,0,0,0,99,54,22,90,3,0,0,0,0,0,0,0,7,0,94,0
19,18,PIPES   1,0,99,99,98,0,45,25,25,36,0,0,41,0,0,0,50,0,7,0,99,5,0,99,99,90,0,99,97,62,47,0,0,0,0,0,0,0,0,7,0,90,4,0,99,99,90,0,99,97,62,47,1,0,46,3,17,0,40,0,7,0,75,5,0,99,99,97,0,61,25,25,50,4,0,60,0,10,0,10,0,7,0,88,3,0,99,99,93,0,61,25,25,61,2,0,0,0,0,0,0,0,7,0,97,3,0,99,99,99,0,72,25,25,70,10,0,46,0,10,3,1,2,7,0,76,3
5,19,HARPSICH 1,0,99,90,0,0,95,28,27,47,4,0,49,0,0,0,0,2,7,0,89,3,0,99,97,91,98,95,72,71,99,0,0,49,0,0,0,0,0,7,0,99,1,0,99,90,0,0,95,28,27,47,1,0,49,0,0,0,0,2,6,0,85,3,0,99,97,91,98,95,72,71,99,3,0,64,0,0,0,46,0,7,0,99,1,0,99,90,0,0,95,28,27,47,4,0,49,0,0,0,0,3,6,0,83,3,0,99,97,91,98,95,72,71,99,6,0,64,0,0,0,55,0,7,0,87,1
3,20,CLAV    1,0,99,90,0,0,95,92,28,60,0,0,32,0,0,0,0,3,8,0,99,3,0,99,96,89,0,95,95,0,0,0,0,32,0,0,0,0,1,6,0,99,3,0,87,86,0,0,98,87,0,0,4,50,32,0,0,0,21,1,7,0,71,3,0,99,90,0,0,95,92,28,60,2,0,32,0,0,0,0,2,7,0,99,3,0,99,96,89,0,95,95,0,0,0,0,32,0,0,0,0,6,5,0,99,3,0,87,86,0,0,98,87,0,0,8,0,32,0,0,0,21,7,7,0,78,3
23,21,VIBE    1,0,99,25,0,0,99,28,99,50,4,0,39,0,12,3,12,7,7,0,50,2,0,99,90,0,0,80,85,24,50,1,0,39,0,4,3,12,1,7,0,99,2,0,99,74,0,0,80,85,43,50,3,0,39,0,12,3,12,4,7,0,72,4,0,99,90,0,0,80,85,24,50,1,0,9,1,0,1,0,1,0,0,99,3,0,99,90,42,0,80,85,24,50,1,0,9,1,0,1,0,5,14,0,99,3,0,99,32,0,0,99,48,99,50,14,0,39,0,12,3,12,7,7,0,57,5
7,22,MARIMBA,0,99,92,0,0,95,40,49,55,0,0,0,0,0,0,0,0,7,0,95,3,0,82,48,0,0,99,72,0,0,3,0,54,0,0,0,46,2,7,0,96,0,0,99,92,0,0,95,33,49,41,0,0,0,0,0,0,0,1,7,0,99,3,0,82,48,0,0,99,75,0,82,5,0,54,0,0,0,46,2,7,0,85,0,0,82,48,0,0,99,75,0,8,0,50,54,0,0,0,46,2,7,0,93,0,0,78,78,0,0,0,63,55,0,4,13,41,0,0,0,0,2,7,0,99,0
2,23,KOTO,0,99,92,0,0,94,62,58,34,1,0,0,0,0,0,0,3,7,0,90,6,0,99,83,0,0,99,68,28,48,4,0,0,0,0,0,10,0,7,0,99,6,0,99,92,0,0,94,64,30,33,1,0,0,0,0,0,0,3,7,0,99,5,0,99,76,0,0,90,28,17,39,1,0,10,0,0,1,17,1,7,0,82,6,0,99,90,0,0,91,37,29,29,4,0,0,0,0,0,5,1,7,0,83,6,0,99,81,0,0,82,53,37,48,3,0,0,0,0,0,5,1,7,0,81,6
16,24,FLUTE   1,0,93,89,98,0,61,67,70,65,1,0,41,0,0,0,0,2,5,0,98,0,0,99,99,90,0,99,97,62,54,1,0,0,0,0,0,0,2,11,0,75,4,1,88,44,24,0,53,38,75,61,1,0,46,3,0,0,0,0,4,0,76,0,0,99,99,97,0,61,25,25,60,2,0,60,0,10,0,10,0,7,0,0,3,0,99,0,0,0,65,38,0,61,2,0,53,0,0,0,43,0,7,0,56,0,0,99,67,52,0,99,64,98,61,1,53,46,0,0,3,0,2,11,0,83,0
5,25,ORCH-CHIME,0,99,99,99,0,34,42,71,34,0,0,15,0,0,1,0,0,12,0,97,3,0,99,99,99,0,99,0,0,0,0,0,15,0,0,1,0,0,12,0,87,7,0,99,95,0,0,80,49,17,30,0,0,15,0,0,1,0,2,7,0,99,3,0,88,80,0,0,80,70,9,12,2,57,15,0,0,1,0,3,7,0,91,3,0,99,99,99,0,41,42,71,34,1,0,15,0,0,1,0,0,14,0,98,3,0,99,99,99,0,99,0,0,0,1,0,15,0,0,1,0,0,0,0,75,7
5,26,TUB BELLS,0,99,0,32,0,95,33,71,25,1,0,0,0,0,0,0,0,9,0,95,2,0,99,0,32,0,98,12,71,28,2,75,0,0,0,0,0,0,10,0,78,2,0,99,0,32,0,95,33,71,25,1,0,0,0,0,0,0,0,2,0,99,2,0,99,0,32,0,98,12,71,28,2,75,0,0,0,0,0,0,5,0,75,2,0,99,0,0,0,76,78,71,70,2,51,0,0,0,0,0,5,7,1,99,2,0,99,0,0,0,98,91,0,28,2,0,0,0,0,0,0,0,0,0,85,2
15,27,STEEL DRUM,0,99,92,0,0,99,40,33,38,1,0,0,0,0,0,0,0,7,0,99,4,0,99,87,0,0,99,19,20,9,1,70,57,2,0,0,71,2,7,0,64,2,0,99,92,0,0,99,30,35,42,1,0,0,0,0,0,0,3,7,0,99,3,0,91,82,0,0,99,44,50,21,2,0,0,0,0,0,0,1,14,0,88,3,0,91,82,0,0,99,40,38,0,4,33,0,0,0,0,0,0,7,0,64,3,0,91,82,0,0,99,49,28,12,2,60,0,0,0,0,0,0,7,1,49,3
16,28,TIMPANI,0,99,0,0,0,99,36,98,33,0,0,0,0,0,3,0,1,7,0,99,3,0,99,0,0,0,99,74,0,0,0,0,41,0,0,1,0,1,10,0,86,1,0,99,72,0,0,99,77,26,23,0,36,0,0,0,1,0,0,4,0,85,3,0,99,75,0,0,99,31,17,30,0,75,80,3,0,1,0,7,7,0,87,7,0,99,0,0,0,99,50,26,19,0,0,80,3,0,1,0,1,7,0,73,0,0,98,0,0,0,98,2,26,27,0,56,3,0,0,2,0,1,7,0,73,3
18,29,REFS WHISL,0,99,99,99,0,60,39,28,49,3,32,0,0,0,0,0,1,7,1,90,4,0,99,99,99,0,60,39,28,45,9,53,0,0,0,0,0,0,7,1,93,4,0,99,99,99,0,60,39,8,0,1,67,0,0,0,0,0,0,7,1,66,4,0,96,89,0,0,94,68,24,55,7,82,0,0,0,0,0,0,7,1,75,1,0,99,0,0,0,99,0,0,0,4,0,41,0,0,0,0,0,7,1,64,0,0,96,78,0,0,94,56,24,55,5,0,0,0,0,0,0,0,7,1,78,1
7,30,VOICE   1,0,99,94,97,0,34,20,53,57,1,0,0,0,0,0,0,0,0,0,87,0,2,51,61,76,51,19,26,53,25,1,0,0,0,0,0,0,2,7,0,99,0,0,99,94,97,0,33,20,53,39,1,0,0,0,0,0,0,3,14,0,99,0,0,48,58,20,9,72,19,41,12,1,2,0,0,0,0,0,1,10,0,99,0,0,99,90,85,0,35,21,36,63,1,1,0,0,0,0,0,1,6,0,53,0,0,99,99,99,0,99,72,48,17,5,2,0,0,0,0,0,0,8,0,55,0
5,31,TRAIN,0,99,85,85,0,65,24,19,57,1,64,39,3,0,0,98,0,7,0,99,3,0,99,61,66,0,39,13,12,72,3,1,52,3,0,0,0,0,7,0,72,5,0,99,0,0,0,98,29,28,33,22,57,99,1,98,1,0,0,9,1,99,0,0,99,0,0,0,98,29,28,27,10,99,20,1,0,1,0,0,5,1,89,0,3,99,99,99,99,42,17,25,53,9,0,36,3,0,0,0,0,10,0,83,0,0,99,99,99,98,49,17,25,53,5,0,36,3,0,0,0,0,7,0,99,0
10,32,TAKE OFF,0,61,96,0,0,9,14,17,34,4,1,0,0,0,0,0,0,7,0,99,0,0,80,95,0,0,82,80,19,14,1,0,0,0,0,0,0,0,7,0,96,0,0,67,38,73,0,76,35,99,11,6,1,0,0,0,0,0,0,7,0,99,0,0,99,95,99,0,13,14,20,30,0,0,0,0,0,0,0,0,7,0,99,0,0,99,90,0,0,88,24,23,37,2,1,0,0,0,0,0,0,7,0,96,0,0,99,92,0,0,89,22,20,41,0,0,0,0,0,0,0,0,7,0,99,0
18,1,PIANO   4,0,99,62,0,0,80,24,0,50,1,0,0,0,0,0,0,2,7,0,90,3,0,99,75,0,0,95,0,25,0,1,0,0,0,0,0,10,1,9,0,86,2,0,99,85,0,0,90,27,20,50,4,0,32,0,0,0,27,1,8,0,80,5,0,99,86,48,0,97,27,10,25,1,0,0,0,0,0,0,1,6,0,72,3,0,99,0,0,0,90,71,33,31,0,0,27,2,0,0,26,2,7,0,99,3,0,99,0,0,0,92,71,58,36,0,0,36,0,0,0,98,1,8,0,78,3
3,2,PIANO   5,0,99,85,0,0,70,30,23,50,1,0,32,0,0,0,0,3,7,0,99,4,0,91,90,0,0,98,36,6,32,1,0,50,3,22,0,50,1,7,0,72,2,0,74,19,0,0,94,21,33,12,3,0,38,0,0,0,20,7,7,0,92,3,0,99,85,0,0,70,30,23,50,1,0,32,0,0,0,0,3,7,0,99,4,0,91,90,0,0,98,20,6,2,1,0,36,3,0,3,0,1,7,0,75,2,0,4,19,0,0,94,1,33,12,5,0,53,0,0,0,38,1,7,0,67,2
12,3,E.PIANO 2,0,99,93,0,0,90,85,20,54,1,0,0,3,0,0,0,1,6,0,99,2,0,99,93,0,0,85,85,20,54,1,0,32,2,0,0,0,2,10,0,75,2,0,99,90,0,0,80,70,35,55,1,0,0,0,0,2,0,3,8,0,99,2,0,99,0,0,0,95,61,50,78,0,2,0,0,0,3,0,7,0,0,93,3,0,87,55,0,0,94,38,34,68,11,0,0,0,0,1,0,6,9,0,53,3,0,99,99,0,0,94,99,0,85,1,0,34,2,0,0,40,0,7,0,86,4
5,4,E.PIANO 3,0,99,75,0,0,96,33,27,54,1,0,0,0,0,0,0,2,7,0,98,3,0,99,75,0,0,95,0,25,54,2,0,0,0,0,0,0,2,7,0,74,3,0,99,80,0,0,95,31,20,54,1,0,36,0,36,0,0,1,7,0,99,3,0,99,81,0,0,97,68,13,54,14,0,0,0,0,0,0,4,7,0,32,3,0,99,95,0,0,95,78,20,57,1,0,0,0,0,0,0,2,7,0,99,3,0,99,60,0,0,90,52,25,54,3,0,7,0,0,0,0,7,7,0,75,2
5,5,E.PIANO 4,0,99,75,0,0,96,43,31,85,1,0,0,0,0,0,0,0,7,0,99,3,0,99,75,0,99,95,99,25,68,1,0,0,0,0,0,0,2,7,0,89,5,0,99,90,0,0,95,40,29,75,1,0,0,0,0,0,0,1,7,0,99,3,0,99,60,40,0,97,92,42,52,14,0,0,0,0,0,0,4,7,0,68,3,0,99,95,0,0,95,78,29,57,1,0,0,0,0,0,0,2,7,0,87,4,0,99,95,0,0,95,78,20,75,1,0,0,0,0,0,0,0,7,0,71,3
5,6,PIANO 5THS,0,99,81,0,0,90,38,26,60,1,0,49,0,0,0,0,0,14,0,99,1,0,99,92,0,0,97,60,0,58,1,0,17,0,0,1,40,1,7,0,82,2,0,99,45,0,0,90,38,26,60,1,0,49,0,23,0,0,1,0,0,99,1,0,85,70,0,0,90,79,0,39,8,0,17,0,0,1,0,2,7,0,72,6,0,99,90,0,0,90,25,26,60,1,50,49,0,0,0,0,2,5,0,99,1,0,99,90,0,0,90,25,26,60,1,50,49,0,0,0,0,0,10,0,58,1
31,7,CELESTE,0,99,80,0,0,96,30,25,40,1,0,0,0,0,0,0,3,7,0,99,3,0,99,80,0,0,96,30,25,40,1,0,0,0,0,0,0,3,7,0,86,3,0,99,80,0,0,96,30,25,40,1,0,0,0,0,0,0,3,1,0,88,3,0,99,80,0,0,96,30,25,40,1,0,0,0,0,0,0,0,7,0,97,3,0,99,80,0,0,96,82,25,40,1,0,0,0,0,0,0,7,7,0,99,3,0,99,80,0,0,96,30,25,40,5,0,0,0,0,0,0,7,7,0,65,3
30,8,TOY PIANO,0,99,99,0,0,99,99,36,41,1,0,39,3,0,0,0,0,7,0,99,0,0,99,70,0,0,99,71,30,42,2,1,39,3,0,0,0,0,7,0,98,0,0,99,70,0,0,99,71,39,42,4,11,39,3,0,0,0,0,7,0,99,0,0,99,99,99,0,99,99,29,30,12,5,39,3,0,0,0,0,7,0,68,5,0,99,99,99,0,99,99,99,42,12,1,39,3,0,0,0,0,7,0,66,0,1,99,99,0,0,99,99,36,41,1,4,39,3,0,0,0,0,7,0,85,0
3,9,HARPSICH 2,0,99,90,0,0,78,74,30,46,1,0,49,0,0,0,0,0,7,0,82,2,0,90,76,75,0,95,2,86,40,1,0,49,0,0,0,0,0,7,0,94,3,0,99,99,97,99,90,34,26,99,3,0,39,0,0,0,35,0,6,0,78,1,0,99,90,0,0,90,76,30,46,3,0,49,0,0,0,0,0,7,0,85,2,0,90,76,75,0,95,28,40,40,8,0,60,0,0,0,71,0,7,0,80,3,0,99,99,97,99,90,34,26,99,1,0,49,0,0,0,0,0,7,0,89,1
3,10,HARPSICH 3,0,99,90,0,0,90,70,30,53,1,0,49,0,0,0,0,1,7,0,90,2,0,90,76,75,0,95,2,40,40,0,0,49,0,0,0,0,2,7,0,95,3,0,99,99,97,99,90,34,26,99,3,0,49,0,0,1,61,0,6,0,76,1,0,99,90,0,0,90,70,30,49,1,0,49,0,0,0,0,0,7,0,85,2,0,90,76,75,0,95,2,40,40,4,0,60,0,0,0,71,2,7,0,96,3,0,99,99,97,99,90,34,26,99,1,0,49,0,0,0,0,0,7,0,78,1
4,11,CLAV    2,0,99,85,0,0,95,75,28,60,2,0,32,0,0,0,0,0,8,0,99,3,0,99,96,89,0,95,95,0,0,0,0,32,0,0,0,0,3,6,0,99,3,0,87,86,0,0,98,50,0,0,4,50,32,0,0,0,21,4,4,0,80,3,0,99,85,0,0,95,64,28,60,2,0,32,0,0,0,0,0,7,0,99,3,0,99,78,89,0,95,95,0,0,0,0,32,0,0,0,0,2,5,0,99,3,0,87,86,0,0,98,87,0,0,8,0,32,0,0,0,6,5,7,0,78,3
4,12,CLAV    3,0,99,95,0,0,80,32,18,66,0,0,0,0,0,0,0,3,7,0,99,4,0,99,85,0,0,99,39,21,30,0,0,0,0,0,1,0,2,14,0,93,0,0,99,95,0,0,95,17,17,66,3,0,38,2,98,1,98,4,7,0,77,0,0,99,99,0,0,95,99,23,84,2,0,0,0,0,1,0,3,7,0,99,7,0,99,61,0,0,99,42,15,99,0,0,10,0,0,1,0,2,7,0,91,0,0,76,51,0,0,93,5,17,30,12,0,10,0,32,1,0,1,10,0,67,2
29,13,E.ORGAN 2,0,99,99,99,0,99,99,99,98,1,0,39,0,0,0,0,0,7,0,99,0,0,99,99,99,0,99,99,99,98,1,50,39,0,0,0,0,3,8,0,98,0,0,99,99,99,0,99,99,99,98,2,0,39,0,0,0,0,0,8,0,99,0,0,99,99,99,0,99,99,99,98,1,0,39,0,0,0,0,7,5,0,81,0,0,99,80,80,0,99,31,99,98,3,0,39,0,0,0,0,0,7,0,99,0,0,99,99,99,0,99,42,99,99,1,0,39,0,0,0,0,7,7,0,71,0
29,14,E.ORGAN 3,0,99,99,99,0,99,99,99,98,0,0,39,0,0,0,0,0,7,0,99,0,0,99,99,99,0,99,99,99,98,1,0,39,0,0,0,0,0,8,0,99,0,0,99,99,99,0,99,99,99,98,2,0,86,3,98,3,0,7,7,0,99,0,0,99,99,99,0,99,99,99,98,5,0,39,0,0,0,0,7,7,0,71,0,0,99,99,99,0,99,99,99,98,2,0,39,0,0,0,0,0,7,0,86,0,0,99,0,0,0,99,61,99,99,4,0,39,0,98,0,0,0,7,0,75,0
5,15,E.ORGAN 4,0,99,99,99,0,97,97,99,82,0,0,0,0,0,0,0,0,5,0,95,2,0,99,99,97,0,97,97,99,82,0,0,0,0,0,0,0,7,9,0,82,2,0,99,99,97,0,97,97,99,82,1,0,0,0,0,0,0,0,14,0,99,2,0,99,89,80,0,79,98,99,82,0,0,0,0,0,0,0,7,5,0,99,2,0,99,90,84,0,97,99,50,82,5,0,0,0,0,0,0,7,7,0,99,2,0,86,50,0,0,91,79,99,82,4,0,0,0,0,0,0,0,14,0,99,2
29,16,E.ORGAN 5,0,99,99,99,0,99,98,10,99,0,0,0,0,0,0,0,0,7,0,91,0,0,99,99,99,0,99,98,10,99,2,0,0,0,0,0,0,0,7,0,90,0,0,99,99,99,0,99,98,10,99,3,0,63,0,0,0,99,0,7,0,90,0,0,99,99,99,0,99,98,10,99,3,0,0,0,0,0,0,0,7,0,90,0,0,99,99,99,0,99,98,10,99,3,0,0,0,0,0,0,0,7,0,89,0,0,99,99,99,0,99,98,10,99,1,0,0,0,0,0,0,0,7,0,73,0
3,17,PIPES   2,0,99,99,93,0,55,25,25,65,2,0,0,0,0,0,0,0,7,0,80,2,0,99,99,90,0,99,97,62,54,1,0,0,0,0,0,0,0,7,0,77,3,0,90,94,50,0,60,97,71,54,8,0,0,0,0,0,0,0,7,0,80,3,0,99,99,93,0,55,25,25,65,2,0,0,0,0,0,0,0,7,0,80,2,0,99,99,90,0,99,97,62,54,20,0,0,0,0,0,0,0,7,1,87,3,0,90,94,15,0,68,97,64,54,19,0,0,0,0,0,0,3,7,0,60,3
25,18,PIPES   3,0,99,97,99,0,77,80,74,48,0,0,35,3,13,0,10,0,7,0,99,2,0,57,52,99,0,99,99,57,64,4,1,0,0,0,0,30,0,7,0,99,0,0,99,99,99,0,76,80,22,63,1,1,35,0,13,0,15,0,7,0,87,4,0,79,99,99,0,73,80,22,50,2,1,0,0,0,0,20,0,6,0,98,0,0,60,99,99,0,88,68,22,75,8,1,0,0,0,1,50,0,7,0,80,0,0,99,99,99,0,89,80,22,65,4,1,0,0,0,1,60,0,7,0,58,0
6,19,PIPES   4,0,99,99,98,0,60,25,25,71,1,0,0,0,0,0,4,0,7,0,99,0,0,99,99,90,0,99,97,62,54,0,0,0,0,0,0,0,0,7,0,88,4,0,99,99,90,0,57,97,62,54,2,0,0,3,0,0,3,0,7,0,99,5,0,99,99,99,0,99,99,25,50,1,0,60,0,0,0,0,0,7,0,77,3,0,99,99,99,0,66,99,99,51,2,0,0,0,0,0,6,0,7,0,86,3,0,99,99,99,0,99,99,99,45,4,0,27,0,14,1,83,2,7,0,84,3
16,20,CALIOPE,0,82,75,95,0,60,71,66,65,1,0,41,0,0,0,0,2,7,0,98,0,0,99,60,0,0,59,53,62,54,4,15,0,0,0,0,0,2,7,0,75,4,0,88,44,24,0,53,38,75,61,2,1,46,3,0,0,0,0,14,0,67,0,0,99,99,97,0,61,25,25,60,2,0,60,0,10,0,10,0,0,0,75,3,0,99,0,0,0,65,38,0,61,2,0,53,0,0,0,43,0,7,0,56,0,0,99,67,52,0,71,64,98,61,4,76,46,0,0,3,0,2,8,0,82,0
3,21,ACCORDION,0,99,92,82,0,55,15,10,76,1,0,68,0,0,0,68,0,7,0,87,0,0,99,92,71,0,91,15,10,70,0,0,0,0,0,0,0,0,8,0,91,0,0,99,92,71,0,87,15,10,46,3,0,0,0,0,0,0,0,9,0,56,0,0,99,92,99,0,55,15,10,69,2,0,0,0,0,0,0,0,7,0,90,0,0,99,92,68,0,63,15,10,46,1,0,39,1,0,3,0,0,6,0,75,0,0,90,92,68,0,98,15,10,50,6,0,0,0,0,0,0,0,8,0,69,0
8,22,SITAR,0,99,98,0,0,99,77,26,42,20,0,15,0,0,1,0,1,7,0,73,2,0,99,98,0,0,99,41,26,7,1,0,15,0,0,1,0,2,7,0,97,2,0,99,98,0,0,99,77,26,28,1,0,15,0,0,1,0,2,7,0,91,2,0,99,98,0,0,99,41,42,7,7,0,15,0,0,1,0,1,4,0,90,2,0,99,98,0,0,99,77,26,7,1,0,15,0,0,1,0,2,2,0,87,2,0,99,98,0,0,99,41,26,10,9,0,15,0,0,1,0,3,8,0,37,2
14,23,GUITAR  3,0,99,27,0,0,75,28,24,66,1,0,25,2,0,2,0,3,7,0,86,3,0,99,27,0,0,91,28,24,53,1,0,20,0,0,1,0,1,9,0,75,3,0,99,27,0,0,75,28,24,66,1,0,25,2,0,2,0,1,7,0,85,3,0,99,27,0,0,91,28,24,53,3,0,20,0,0,1,0,2,7,0,63,3,0,96,27,0,0,52,23,24,53,1,0,42,0,0,1,0,3,7,0,61,3,0,99,27,0,0,91,28,24,53,5,0,0,0,0,0,20,2,7,0,89,3
14,24,GUITAR  4,0,99,0,0,0,99,49,24,66,3,0,25,2,0,2,0,3,7,0,66,3,0,99,0,0,0,99,0,24,0,1,0,25,2,0,2,0,0,9,0,98,3,0,99,80,0,0,75,31,20,55,1,0,25,2,0,2,0,1,7,0,85,3,0,99,27,0,0,91,25,17,53,4,0,20,0,0,1,0,1,7,0,78,3,0,96,79,89,0,99,20,18,53,1,0,42,0,0,1,0,0,7,0,60,3,0,99,52,0,0,91,9,0,53,3,0,0,0,0,0,14,0,7,0,90,3
14,25,GUITAR  5,0,99,0,0,0,98,33,49,49,8,0,37,0,98,2,0,3,12,0,81,3,0,99,0,0,0,98,40,20,15,6,0,25,2,0,2,0,0,12,0,92,3,0,99,80,0,0,75,31,20,40,1,0,25,2,0,2,0,1,3,0,84,3,0,99,27,0,0,91,25,17,50,4,0,20,0,0,1,0,1,3,0,78,3,0,96,79,89,0,99,20,18,50,1,0,42,0,0,1,0,0,3,0,60,3,0,99,52,0,0,91,29,19,42,5,0,10,0,0,0,0,0,3,0,79,3
3,26,GUITAR  6,0,99,92,0,0,94,44,35,34,2,0,0,0,0,0,0,1,7,0,92,6,0,99,83,0,0,99,39,33,16,2,0,37,0,32,0,0,0,7,0,89,6,0,99,92,0,0,94,28,30,33,1,0,0,0,0,0,0,3,7,0,99,5,0,99,92,0,0,94,44,35,34,2,0,0,0,0,0,0,1,7,0,99,6,0,99,90,0,0,91,37,29,29,4,0,0,0,0,0,5,1,7,0,91,6,0,99,81,0,0,82,53,37,48,6,0,0,0,0,0,5,1,7,0,81,6
14,27,LUTE,0,99,0,0,0,83,34,0,38,1,0,39,0,0,0,70,0,7,0,84,4,0,99,0,0,0,99,34,26,71,2,0,0,0,0,1,0,0,7,0,73,4,0,99,0,0,0,83,34,0,38,1,0,15,0,0,1,0,0,7,0,99,4,0,99,0,0,0,99,34,26,71,2,0,15,0,0,1,0,0,10,0,37,4,0,99,0,0,0,99,33,26,71,4,0,15,0,0,1,0,0,7,0,60,0,0,99,0,0,0,96,70,26,48,6,0,15,0,0,1,0,0,8,0,72,0
8,28,BANJO,0,99,60,0,0,95,62,28,58,1,0,36,3,57,0,14,0,7,0,99,7,0,99,0,0,0,99,20,0,0,1,6,41,0,0,0,0,0,7,0,80,7,0,99,99,0,0,98,36,44,56,1,0,0,0,0,0,0,0,9,0,91,3,0,99,95,0,0,99,30,20,54,5,0,0,0,0,0,0,0,5,0,78,3,0,99,98,0,0,99,77,26,48,1,0,0,0,0,0,0,0,10,0,75,4,0,99,77,0,0,99,85,43,71,15,0,0,0,0,0,0,0,7,0,87,6
3,29,HARP    1,0,99,70,0,0,95,27,45,31,1,0,0,0,0,0,0,7,7,0,99,3,0,99,70,0,0,95,30,99,30,1,0,52,3,8,0,0,3,7,0,75,3,0,99,70,0,0,95,42,44,35,1,0,58,0,0,0,37,0,7,0,87,3,0,99,70,0,0,95,29,49,30,1,0,0,0,0,0,0,7,7,0,99,3,0,99,70,0,0,95,38,99,17,1,0,52,3,0,0,0,4,7,0,55,3,1,94,79,0,0,95,46,28,23,2,0,0,0,0,0,0,1,7,0,86,6
3,30,HARP    2,0,99,70,0,0,95,32,45,31,1,0,0,0,0,0,0,7,12,0,99,3,0,99,70,0,0,95,46,99,12,2,0,52,3,8,0,0,3,5,0,79,3,0,99,70,0,0,95,50,44,10,3,0,58,0,0,0,37,0,1,0,62,3,0,99,70,0,0,95,32,49,33,1,0,0,0,0,0,0,7,3,0,99,3,0,99,70,0,0,95,35,99,28,3,0,52,3,0,0,35,4,11,0,79,4,1,94,79,0,0,95,46,28,24,3,0,0,0,0,0,0,6,0,0,90,7
17,31,BASS    3,0,99,90,0,0,89,30,28,63,0,1,48,0,0,0,32,2,7,0,99,3,0,99,0,0,0,28,37,42,50,0,3,41,0,0,0,35,2,7,0,74,0,2,85,78,0,0,27,25,32,30,0,0,0,0,0,0,0,3,14,0,99,0,0,86,57,0,0,80,44,28,53,0,0,0,0,0,0,0,4,7,0,99,4,0,99,0,0,0,99,0,0,0,1,1,34,0,0,0,32,2,7,0,66,0,0,96,97,0,0,25,50,24,55,0,0,0,0,0,0,0,0,8,0,91,1
17,32,BASS    4,0,99,89,0,0,84,29,28,76,0,0,46,3,97,0,32,0,7,0,99,4,0,99,89,0,0,80,39,28,54,0,0,0,0,0,0,0,2,7,0,72,4,0,99,89,0,0,84,29,28,76,1,0,36,0,0,0,64,1,7,0,60,4,0,96,76,0,0,94,68,24,55,0,0,0,0,0,0,0,2,7,0,97,1,0,99,0,0,0,99,0,0,0,0,0,41,0,0,0,0,2,7,0,28,0,0,96,78,0,0,94,56,24,55,4,0,0,0,0,0,0,5,7,0,82,1
5,1,PICCOLO,0,99,99,92,0,68,73,28,68,1,0,39,0,0,0,0,0,7,0,93,0,0,96,64,64,0,99,53,21,98,2,1,39,0,0,0,0,0,7,0,33,0,0,99,99,92,0,68,73,28,68,1,1,39,0,0,0,0,0,8,0,94,0,0,96,64,64,0,99,53,21,98,1,1,39,0,0,0,0,0,9,0,51,0,0,99,99,94,0,68,73,52,68,1,0,39,0,0,0,0,0,8,0,94,0,0,80,64,64,0,99,78,75,98,5,11,39,0,0,0,0,7,7,0,44,0
18,2,FLUTE   2,0,99,90,97,0,60,0,12,66,1,0,32,0,0,0,0,3,8,0,99,1,2,99,96,89,0,95,95,0,0,1,0,32,0,0,0,0,7,6,0,72,3,0,93,90,0,0,98,87,0,0,1,0,32,0,0,0,21,2,7,0,89,3,1,99,90,0,0,95,92,28,60,1,0,48,0,0,0,60,0,7,0,67,6,0,99,65,60,0,50,70,97,0,3,0,32,0,0,0,0,0,5,0,64,1,0,99,99,97,0,73,70,60,0,17,0,32,0,0,0,21,0,7,0,47,3
3,3,OBOE,0,95,95,85,0,60,40,20,70,4,0,51,0,0,0,0,2,7,0,99,3,0,99,90,99,0,63,0,12,70,1,0,51,0,0,0,0,0,7,0,76,1,0,99,90,80,0,97,80,80,70,8,0,51,0,0,0,0,0,7,0,75,1,0,99,99,95,0,50,45,27,70,8,0,51,0,0,0,0,2,7,0,75,3,0,99,90,99,0,63,0,12,70,1,0,51,0,0,0,0,0,7,0,75,1,0,99,90,99,0,63,0,12,70,1,0,51,0,0,0,0,0,7,0,79,1
17,4,CLARINET,0,99,90,97,0,65,0,12,70,1,0,32,0,0,0,0,4,8,0,99,1,2,99,96,89,0,95,95,0,0,2,0,32,0,0,0,0,1,6,0,68,3,0,87,86,0,0,98,87,0,0,4,0,32,0,0,0,21,2,7,0,92,3,1,99,90,0,0,95,92,28,60,6,0,48,0,0,0,60,0,7,0,59,6,0,99,65,60,0,85,70,97,0,8,0,32,0,0,0,0,0,5,0,54,1,0,99,99,97,0,73,70,60,0,10,0,32,0,0,0,21,0,7,0,47,3
18,5,SAX BC,3,99,99,99,0,64,11,7,65,1,0,0,0,0,0,0,0,0,0,99,0,1,99,99,99,0,95,0,25,54,0,0,39,0,0,0,53,0,7,0,75,3,2,99,99,98,0,99,16,14,64,0,0,36,0,0,0,0,0,7,0,76,0,2,99,99,99,0,98,14,7,64,0,0,0,0,0,0,0,0,7,0,70,0,3,98,99,99,0,98,10,6,62,5,16,0,0,0,0,0,0,14,0,52,0,0,99,99,99,0,90,52,25,54,0,0,7,0,0,0,0,7,7,0,99,2
2,6,BASSOON,0,99,95,85,0,60,45,27,70,2,0,17,0,0,0,21,3,7,0,99,3,0,99,90,99,0,55,0,12,70,0,0,51,0,0,0,0,0,7,0,78,1,0,99,95,85,0,60,45,27,70,2,0,17,0,0,0,0,1,7,0,99,3,0,99,90,99,0,55,0,12,70,0,0,51,0,0,0,0,1,7,0,72,1,0,99,90,70,0,97,80,80,70,5,0,28,0,0,0,0,0,7,0,79,1,0,99,95,85,0,55,45,27,70,6,4,40,3,10,0,62,0,7,0,66,3
2,7,STRINGS 4,0,98,98,36,0,48,56,10,47,2,0,98,0,0,0,0,0,7,0,92,0,0,99,92,28,0,81,13,7,25,1,0,0,0,0,0,0,0,1,0,76,0,0,99,92,0,0,51,15,10,47,2,0,0,0,0,0,0,0,13,0,92,0,0,98,98,36,0,49,74,10,32,2,0,98,0,0,0,0,0,7,0,76,0,0,99,92,0,0,76,73,10,28,2,0,0,0,0,0,0,0,7,0,66,0,0,99,92,0,0,72,76,10,32,8,0,0,0,0,0,0,0,7,0,70,0
2,8,STRINGS 5,0,99,92,0,0,27,15,10,46,1,0,0,0,0,0,0,0,6,0,87,0,0,99,92,0,0,84,15,10,46,1,0,0,0,0,0,0,0,14,0,75,0,0,99,92,0,0,28,15,10,46,1,0,62,0,0,0,98,0,14,0,92,0,0,99,92,0,0,43,15,10,46,1,0,0,0,0,0,0,0,7,0,71,0,0,99,92,0,0,43,15,10,46,2,0,0,0,0,0,0,0,7,0,66,0,0,99,92,0,0,43,15,10,46,4,0,0,0,0,0,0,0,7,0,62,0
15,9,STRINGS 6,0,99,58,0,0,46,21,25,55,1,0,0,0,0,0,0,0,0,0,91,0,0,92,80,66,0,42,33,42,18,3,0,0,0,0,0,0,1,9,0,80,0,0,99,87,89,0,50,33,40,47,1,0,0,0,0,0,0,0,14,0,98,0,0,99,99,99,0,79,68,62,40,1,0,0,0,89,1,13,0,5,0,76,2,0,87,87,93,0,46,60,40,40,1,0,0,0,0,0,0,0,3,0,83,0,0,98,1,78,0,94,31,98,20,3,0,35,0,10,0,0,7,7,0,72,1
2,10,STRINGS 7,0,99,87,89,0,56,33,40,47,1,0,0,0,0,0,0,0,10,0,99,0,0,99,99,99,0,79,68,62,40,1,0,36,1,98,1,47,1,5,0,78,2,0,99,87,89,0,48,33,40,47,1,50,0,0,0,0,0,1,10,0,96,0,0,99,99,99,0,79,68,62,40,1,50,41,1,87,1,81,1,7,0,73,2,0,87,87,93,0,46,60,40,40,3,0,0,0,0,0,0,0,7,0,79,0,0,98,1,78,0,94,31,98,20,1,50,35,0,10,0,0,1,4,0,68,1
2,11,STRINGS 8,0,99,0,0,0,99,52,20,45,1,0,0,0,0,0,0,1,7,0,99,3,0,98,0,0,0,98,48,17,50,1,0,54,3,0,0,0,3,7,0,73,0,0,99,0,0,0,86,49,20,41,1,0,32,3,59,0,21,1,7,0,99,4,0,99,92,86,0,96,19,20,54,1,0,0,0,0,0,0,7,7,0,66,4,0,86,92,86,0,53,19,20,54,1,0,0,0,0,0,0,7,7,0,70,6,0,99,92,86,0,53,19,20,54,1,0,0,0,0,0,0,7,7,0,44,7
22,12,BRASS   4,0,99,88,96,0,72,76,99,71,0,0,39,3,0,3,14,0,14,0,93,0,0,82,95,96,0,62,51,29,71,0,0,27,3,0,1,7,0,14,0,83,0,0,99,98,98,0,77,76,82,71,0,0,39,3,0,3,0,2,0,0,99,0,0,99,98,98,0,77,36,41,71,0,0,39,3,0,3,0,2,0,0,99,0,0,99,98,98,0,77,36,41,71,0,0,39,3,0,3,0,2,0,0,98,0,0,98,98,91,0,49,99,28,68,0,0,39,1,54,1,31,4,0,0,82,4
2,13,BRASS   5,0,99,97,95,0,62,70,20,54,1,0,0,0,0,0,0,1,7,0,99,2,0,98,95,95,0,53,46,60,53,1,0,54,0,0,0,0,1,0,0,82,1,0,99,92,84,0,62,70,20,54,1,50,0,0,0,0,0,0,11,0,98,2,0,98,80,85,0,53,13,60,53,1,50,54,0,0,0,0,1,5,0,84,1,0,98,80,85,0,53,13,60,53,1,50,54,0,0,0,0,0,7,0,57,1,0,98,80,85,0,53,13,60,53,1,50,54,0,0,0,0,0,9,0,92,1
22,14,BRASS 6 BC,3,99,95,95,0,68,20,20,70,1,0,0,0,0,0,0,1,7,0,99,2,3,99,90,80,0,60,15,15,70,1,0,0,0,0,0,0,1,7,0,89,2,3,99,96,95,0,68,20,20,70,1,0,0,0,0,0,0,1,7,0,99,2,3,99,95,95,0,68,20,20,70,1,0,0,0,0,0,0,1,7,0,97,2,3,99,95,95,0,68,20,20,70,1,0,0,0,0,0,0,1,7,0,99,2,3,99,98,97,0,60,61,19,70,1,0,0,0,0,0,0,1,7,0,83,1
8,15,BRASS   7,0,99,86,86,0,68,24,19,55,1,0,0,0,0,0,0,2,7,0,95,2,0,99,90,80,0,36,36,21,60,1,0,0,0,0,0,0,0,7,0,81,2,0,99,86,86,0,68,24,19,55,1,0,0,0,0,0,0,0,7,0,99,2,0,99,90,80,0,36,36,21,60,1,0,0,0,0,0,0,0,7,0,77,2,0,53,61,62,0,66,92,22,50,1,0,39,1,0,3,0,0,7,0,86,0,0,99,62,62,0,49,54,22,50,3,5,0,0,0,0,0,0,7,0,70,0
22,16,BRASS   8,0,99,54,0,0,59,37,3,58,0,0,39,2,0,1,0,1,7,0,99,2,0,99,54,0,0,70,37,3,56,0,0,39,2,0,1,0,1,7,0,86,2,0,99,54,0,0,62,37,3,51,1,0,39,2,0,1,0,0,7,0,99,3,0,99,54,0,0,69,37,3,50,0,0,39,2,0,1,0,0,7,0,99,3,0,99,54,0,0,57,37,3,50,0,0,39,2,0,1,0,0,7,0,99,3,0,99,88,82,0,45,32,26,51,0,0,0,0,0,1,0,4,7,0,82,1
6,17,RECORDER,0,99,90,97,0,51,0,12,70,1,0,51,0,0,0,0,2,7,0,99,1,0,99,96,79,0,67,95,70,0,2,0,48,0,0,0,67,1,0,0,90,1,0,99,90,97,0,50,0,12,70,1,1,51,0,0,0,0,5,7,0,99,1,0,99,96,79,0,62,95,70,0,2,0,48,0,0,0,30,0,14,0,90,1,0,99,90,97,0,48,0,12,70,1,0,51,0,0,0,0,0,7,0,85,1,2,99,96,75,0,78,95,70,0,2,0,55,0,0,0,75,0,7,0,89,1
1,18,HARMONICA1,0,92,87,0,0,54,56,28,64,0,0,36,0,0,0,0,0,0,0,0,0,1,89,10,43,0,38,17,99,61,1,0,0,0,0,0,0,0,7,0,0,0,0,92,87,0,0,54,56,28,64,1,0,36,0,0,0,0,0,7,0,99,0,0,89,10,43,0,38,17,99,61,0,1,0,0,0,0,0,0,7,0,72,0,0,98,0,98,0,65,86,98,62,5,0,0,0,0,0,0,0,14,0,61,0,0,99,67,52,0,99,32,98,62,6,27,7,0,0,0,0,7,7,0,41,0
1,19,HRMNCA2 BC,3,92,87,0,0,54,56,28,64,0,0,36,0,0,0,0,0,0,0,99,0,1,89,10,43,0,51,17,99,61,1,0,0,0,0,0,0,0,7,0,99,0,3,92,99,99,0,54,56,28,64,1,0,36,0,0,0,0,0,7,0,99,0,1,89,10,43,0,38,17,99,61,0,1,0,0,0,0,0,0,7,0,72,0,1,98,0,98,0,65,86,98,62,5,0,0,0,0,0,0,0,14,0,61,0,3,99,67,52,0,99,32,98,62,6,27,7,0,0,0,0,7,7,0,41,0
7,20,VOICE   2,0,99,94,97,0,57,20,53,57,1,0,0,0,0,0,0,0,0,0,87,0,2,61,71,85,61,30,47,56,25,1,0,0,0,0,0,0,2,7,0,99,0,0,99,94,97,0,48,20,53,46,1,0,0,0,0,0,0,3,14,0,99,0,0,86,70,66,9,72,60,41,12,1,2,0,0,0,0,0,1,10,0,99,0,0,99,70,57,0,36,40,36,63,1,1,0,0,0,0,0,1,6,0,60,0,0,99,99,99,0,99,72,48,17,4,2,0,0,0,0,0,0,8,0,50,0
5,21,VOICE   3,0,99,94,97,0,31,20,53,57,1,0,0,0,0,0,0,0,0,0,99,0,2,46,56,71,46,19,26,53,25,2,0,0,0,0,0,0,3,7,0,54,0,0,99,94,97,0,31,20,53,39,1,0,0,0,0,0,0,3,14,0,99,0,0,48,58,20,9,10,19,41,12,1,2,0,0,0,0,0,3,10,0,92,0,0,99,90,85,0,31,21,36,63,2,1,0,0,0,0,0,1,6,0,99,0,0,53,47,41,0,14,72,48,17,2,2,0,0,0,0,0,2,8,0,84,0
7,22,GLOKENSPL,0,99,92,0,0,95,47,30,47,1,0,0,0,0,0,0,1,7,0,99,3,0,80,75,67,0,99,46,35,0,8,0,54,0,0,0,0,2,7,0,82,4,0,99,81,0,0,95,60,49,38,1,0,34,0,0,0,0,7,7,0,99,4,0,82,48,0,0,99,71,0,97,8,0,48,0,74,0,46,5,7,0,97,0,0,99,0,0,0,99,69,0,96,4,0,68,0,97,0,0,5,7,0,69,0,0,96,78,0,0,94,56,24,55,16,0,0,0,0,0,0,5,7,0,72,1
5,23,VIBE    2,0,99,90,0,0,80,85,24,42,1,0,39,0,0,3,0,0,0,0,99,3,0,99,90,0,0,49,85,24,42,5,0,39,0,0,3,0,0,7,0,49,3,0,99,90,0,0,80,85,24,42,1,0,39,0,0,3,0,2,14,0,99,3,0,99,90,0,0,48,85,24,42,7,41,39,0,0,3,0,5,5,0,52,3,0,99,32,0,0,95,57,99,50,2,99,39,0,12,3,12,3,14,0,83,5,0,99,51,0,0,85,34,31,50,9,10,39,0,12,3,12,4,7,0,89,5
7,24,XYLOPHONE,0,99,92,0,0,95,43,49,53,0,0,0,0,0,0,0,5,7,0,99,2,0,82,48,0,0,99,71,0,0,3,0,54,0,0,0,46,2,7,0,99,0,0,99,92,0,0,95,50,49,41,0,0,0,0,0,0,0,6,7,0,99,3,0,82,48,0,0,99,73,0,14,3,0,54,0,0,0,46,2,7,0,94,0,0,96,78,0,0,99,86,55,0,0,0,41,0,0,0,0,2,7,0,79,0,0,78,78,0,0,0,81,55,0,4,0,41,0,0,0,0,5,7,0,75,0
6,25,CHIMES,0,99,90,80,0,97,20,20,26,4,0,0,0,0,0,0,0,7,0,75,2,0,99,90,80,0,97,20,20,34,8,0,0,0,0,0,0,1,7,0,81,2,0,0,90,80,0,17,99,20,26,3,0,0,0,0,0,0,1,4,0,81,2,0,99,90,80,0,97,20,20,34,6,0,0,0,0,0,0,0,7,0,67,2,0,0,90,80,0,26,99,20,33,2,25,0,0,0,0,0,2,10,0,84,2,0,99,90,80,0,97,20,20,34,5,0,0,0,0,0,0,2,7,0,66,2
16,26,GONG    1,0,99,95,41,0,86,26,20,31,0,0,0,0,0,0,0,1,7,0,99,0,0,99,95,41,0,86,26,20,30,0,60,0,0,0,0,0,2,7,0,72,0,0,87,87,0,0,18,30,15,39,0,49,0,0,0,0,0,1,7,0,74,0,0,95,87,0,0,18,30,15,22,3,0,0,0,0,0,0,2,7,0,84,0,0,95,87,0,0,18,30,15,18,1,40,0,0,0,0,0,7,7,0,82,0,0,86,96,0,0,23,25,7,14,1,20,0,0,0,0,0,2,7,0,36,0
17,27,GONG    2,0,99,95,41,0,79,26,20,41,1,0,0,0,0,0,0,1,7,0,99,0,0,99,85,41,0,29,42,20,18,1,0,0,0,0,0,0,2,7,0,56,1,0,95,87,0,0,36,30,50,24,7,32,0,0,0,0,0,1,7,0,63,0,0,95,87,0,0,79,30,15,24,3,26,0,0,0,0,0,2,7,0,65,0,0,95,87,0,0,43,30,15,10,4,40,0,0,0,0,0,7,7,0,67,0,0,86,96,0,0,40,25,7,16,12,20,0,0,0,0,0,2,7,0,65,0
27,28,BELLS,0,99,25,0,0,94,28,99,29,0,0,28,0,12,3,0,2,7,0,99,0,0,99,25,0,0,94,28,99,29,1,18,28,0,12,3,0,0,7,0,93,0,0,99,25,0,0,94,28,99,29,3,5,28,0,12,3,0,0,7,0,81,0,0,99,25,0,0,94,28,15,25,1,18,28,0,12,3,0,0,0,0,79,0,0,99,25,0,0,94,28,99,21,0,0,28,0,12,3,12,0,14,0,48,2,0,99,25,0,0,94,28,99,23,3,5,28,0,12,3,0,0,8,0,74,0
6,29,COW BELL,0,99,90,0,0,96,45,50,50,1,0,0,0,0,0,0,1,7,0,99,2,0,78,75,0,0,96,80,50,33,7,0,0,0,0,0,0,0,7,0,99,3,0,99,0,0,0,96,65,65,50,2,72,0,0,0,0,0,0,7,1,99,3,0,99,96,97,0,96,98,44,33,4,0,0,0,0,0,6,0,7,0,80,4,0,99,90,0,0,96,76,50,46,1,0,0,0,0,0,0,0,7,0,99,4,0,99,96,89,0,96,66,99,33,8,0,0,0,0,0,6,0,7,0,74,1
18,30,BLOCK,0,99,90,0,0,96,34,44,66,1,0,0,0,0,0,0,3,7,0,97,6,0,60,90,0,0,96,93,65,66,5,0,50,0,0,0,23,1,7,0,79,5,0,99,90,0,0,96,93,80,66,5,0,0,0,0,0,0,3,7,0,70,2,0,99,90,0,0,96,83,67,66,5,0,0,0,0,0,0,0,7,0,65,2,0,99,90,0,0,96,93,49,66,5,0,0,0,0,0,0,2,7,0,55,2,0,99,90,0,0,96,83,49,66,17,0,0,0,0,0,0,3,7,0,79,2
7,31,FLEXATONE,0,99,0,0,0,99,66,99,99,3,0,0,0,0,0,0,4,7,0,99,0,0,99,0,0,0,99,89,0,0,5,0,0,0,0,0,0,0,7,0,71,0,0,99,0,0,0,98,47,38,37,2,0,15,0,0,1,0,1,7,0,99,2,0,99,0,0,0,99,34,38,28,7,0,15,0,0,1,0,0,7,0,50,2,0,99,0,0,0,85,67,96,25,20,2,15,0,0,1,0,0,8,0,68,1,0,99,0,0,0,99,79,92,71,15,8,15,0,0,1,96,0,8,0,86,3
14,32,LOG DRUM,0,99,0,0,0,88,47,46,46,0,0,0,0,0,0,0,0,7,0,99,3,0,99,0,0,0,99,77,42,35,0,0,0,0,0,0,0,0,7,0,99,0,0,99,27,0,0,83,20,50,41,0,0,15,0,0,1,0,0,7,0,99,3,0,96,27,0,0,90,58,50,41,1,2,15,0,0,1,0,0,10,0,98,6,0,87,27,0,0,74,87,50,41,1,4,15,0,0,1,0,0,6,0,98,7,0,99,97,68,0,56,77,50,41,2,2,15,0,0,1,0,0,8,0,10,7
22,1,SYN-LEAD 2,0,99,88,96,0,99,76,99,71,1,0,39,3,0,3,14,0,7,0,93,0,0,99,56,56,0,99,42,23,71,2,0,27,3,0,1,45,0,7,0,78,0,0,99,88,96,0,99,76,99,71,1,0,39,3,0,3,14,0,7,0,99,0,0,99,88,96,0,99,76,99,71,1,0,39,3,0,3,14,0,7,0,99,0,0,99,88,96,0,99,76,99,71,1,0,39,3,0,3,14,0,7,0,98,0,0,99,56,56,0,99,42,23,71,2,0,27,3,0,1,45,0,7,0,76,0
22,2,SYN-LEAD 3,0,99,88,42,0,99,76,99,71,1,0,39,3,0,3,14,0,7,0,93,0,0,99,56,0,0,99,42,35,71,2,0,27,3,0,1,45,0,7,0,97,0,0,99,88,96,0,99,76,99,71,2,0,39,3,0,3,14,0,7,0,99,0,0,99,88,96,0,99,76,99,71,2,0,39,3,0,3,14,0,7,0,99,0,0,99,88,96,0,99,76,99,71,1,0,39,3,0,3,14,0,7,0,83,0,0,99,56,0,0,99,42,35,71,2,0,27,3,0,1,45,0,7,0,78,0
22,3,SYN-LEAD 4,0,99,88,96,0,99,76,99,71,1,0,39,3,0,3,14,0,7,0,93,0,0,99,56,56,0,99,42,53,71,1,0,27,3,0,1,45,0,7,0,78,0,0,99,88,96,0,99,76,99,71,1,0,39,3,0,3,14,0,7,0,99,0,0,99,88,96,0,99,76,99,71,1,0,39,3,0,3,14,0,7,0,99,0,0,99,88,96,0,99,76,99,71,1,0,39,3,0,3,14,0,7,0,98,0,0,99,56,56,0,99,42,45,71,1,0,27,3,0,1,45,0,7,0,76,0
1,4,SYN-LEAD 5,0,96,99,85,0,25,46,0,99,3,0,15,0,0,1,0,0,7,0,99,0,0,96,99,85,0,25,46,0,67,3,0,15,0,0,1,6,0,7,0,82,0,0,99,78,0,0,99,18,9,61,2,0,0,0,0,1,0,0,7,0,99,0,0,99,99,0,0,99,99,0,61,1,0,0,0,0,1,15,0,7,0,86,0,0,99,99,0,0,98,99,0,61,3,0,0,0,0,1,12,0,7,0,77,0,0,99,99,0,0,99,99,0,47,7,0,99,3,0,0,8,0,7,0,69,0
16,5,SYN-CLAV 1,0,99,70,55,0,99,37,17,71,1,0,27,3,50,0,0,1,7,0,99,0,0,99,61,45,0,99,46,17,71,2,0,39,3,0,3,14,4,7,0,78,0,0,99,61,45,0,99,46,17,71,3,0,39,3,0,3,14,4,7,0,84,0,0,99,70,62,0,99,38,17,71,12,0,39,3,0,3,14,0,7,0,55,0,0,99,61,45,0,99,46,17,71,1,0,39,3,0,3,14,4,7,0,44,0,0,99,61,45,0,99,46,17,71,21,0,39,3,4,0,55,0,7,0,80,0
7,6,SYN-CLAV 2,0,99,89,98,0,98,72,75,61,1,0,15,0,0,1,0,0,7,0,99,0,0,88,44,25,0,53,38,75,61,0,0,0,0,0,1,0,0,7,0,99,0,0,99,89,98,0,98,72,75,61,0,0,15,0,0,1,0,0,6,0,98,0,0,88,44,25,0,53,38,75,61,0,0,0,0,0,1,11,0,11,0,97,0,0,88,44,25,0,85,38,75,61,1,0,15,0,0,1,33,0,7,0,81,0,0,88,44,25,0,85,46,75,61,10,0,15,0,0,1,1,0,4,0,74,0
2,7,SYN-CLAV 3,0,99,95,90,0,80,32,18,66,1,0,0,0,0,0,0,2,7,0,99,7,3,99,85,80,0,80,7,21,30,1,0,0,0,0,1,0,2,7,0,99,7,1,99,95,70,0,95,17,17,66,1,0,0,0,0,0,0,2,10,0,99,7,0,99,85,96,0,95,16,15,30,0,0,0,0,0,1,0,7,11,0,96,7,3,99,87,79,0,94,17,15,40,12,0,10,0,0,1,50,1,7,0,80,7,3,77,51,88,0,93,16,17,30,12,0,10,0,0,1,0,1,10,0,70,7
5,8,SYN-PIANO,0,99,75,0,0,96,25,25,54,1,0,0,0,0,0,0,0,14,0,99,3,0,99,99,99,0,17,42,35,78,1,0,0,0,0,0,0,3,7,0,93,3,0,99,75,0,0,96,25,25,55,1,0,0,0,0,0,0,0,7,0,99,3,0,99,0,0,69,95,84,20,99,2,0,0,0,0,0,0,4,7,0,99,3,0,99,75,0,0,96,25,25,50,1,0,0,0,0,0,0,0,0,0,99,3,0,88,0,0,32,79,82,20,99,23,0,41,0,0,0,0,6,14,0,84,3
22,9,SYNBRASS 1,0,99,88,96,0,99,76,99,71,1,0,39,3,0,3,14,0,14,0,99,0,0,92,95,93,0,25,16,18,71,0,0,27,3,0,1,0,0,14,0,91,0,0,99,98,98,0,99,76,82,71,0,0,39,3,0,3,0,0,4,0,99,0,0,99,98,98,0,99,36,41,71,0,0,39,3,0,3,0,0,5,0,99,0,0,99,98,98,0,99,36,41,71,0,0,39,3,0,3,0,0,8,0,99,0,0,98,98,92,0,99,32,28,68,0,0,0,1,0,1,0,2,7,0,83,4
22,10,SYNBRASS 2,0,99,99,98,0,81,99,99,93,1,0,15,0,0,1,0,0,14,0,99,4,0,99,99,84,0,56,99,50,93,0,0,15,0,0,1,0,0,14,0,92,4,0,99,99,98,0,81,99,99,93,1,0,15,0,0,1,0,0,7,0,98,4,0,99,98,98,0,84,99,99,93,1,0,15,0,0,1,0,0,7,0,99,4,0,99,98,98,0,82,99,99,93,1,0,15,0,0,1,0,0,7,0,99,4,0,99,99,93,0,64,99,35,93,1,0,15,0,0,1,0,0,7,0,88,4
22,11,SYNORGAN 1,0,99,88,96,0,99,76,99,71,3,0,39,3,0,3,14,0,7,0,99,0,0,99,56,56,0,99,42,53,71,1,0,27,3,0,1,45,0,7,0,78,0,0,99,99,99,0,64,39,79,71,1,0,39,3,0,3,14,0,7,0,99,0,0,99,99,99,0,64,39,79,71,2,0,39,3,0,3,14,0,7,0,99,0,0,99,99,99,0,64,39,79,71,4,0,39,3,0,3,14,0,7,0,98,0,0,99,36,31,0,99,57,45,71,20,0,27,3,0,1,45,0,7,0,83,0
3,12,SYNORGAN 2,0,0,95,90,0,85,70,34,65,8,0,0,0,0,0,0,0,9,0,93,3,0,99,99,99,0,12,70,10,54,0,0,0,0,0,0,0,3,7,0,99,3,0,99,99,0,0,12,70,25,54,9,0,0,0,0,0,0,7,7,0,77,3,0,0,95,90,0,97,70,30,65,0,0,0,0,0,0,0,2,7,0,99,3,0,99,99,0,84,69,70,22,54,0,0,0,0,0,0,0,4,7,0,99,3,0,99,99,0,0,69,70,23,54,1,0,0,0,0,0,0,7,6,0,75,3
25,13,SYN-VOX,0,65,79,99,0,45,61,65,66,2,0,39,0,0,0,0,0,0,0,99,0,0,65,0,99,0,45,46,65,67,2,1,39,0,0,0,0,0,8,0,99,0,0,98,0,0,0,44,70,99,82,2,0,39,0,0,0,0,0,9,0,99,0,0,99,18,17,0,99,64,23,32,1,0,39,2,4,0,14,0,7,0,0,2,3,99,18,17,0,99,22,23,32,0,1,39,2,10,0,14,2,1,0,0,2,0,99,18,17,0,99,22,23,32,0,0,39,2,4,0,14,3,6,0,0,2
25,14,SYN-ORCH,0,99,98,95,0,36,41,40,40,1,0,15,0,0,1,0,0,0,0,99,1,0,99,99,90,0,36,98,26,40,2,0,15,0,0,1,0,0,14,0,98,1,0,99,98,95,0,49,41,40,40,4,0,15,0,0,1,0,0,14,0,98,1,0,99,99,90,0,52,98,26,40,2,0,15,0,0,1,0,1,7,0,99,1,0,99,99,99,0,47,60,99,45,2,0,15,0,0,1,0,1,7,0,75,1,0,99,99,99,95,99,60,99,45,2,0,15,0,0,1,0,1,7,0,75,1
3,15,SYN-BASS 1,0,99,88,96,0,99,76,99,99,2,0,39,3,0,3,0,0,7,0,99,0,0,99,72,72,0,61,38,25,47,1,0,39,3,0,3,0,0,7,0,76,0,0,99,71,64,0,99,39,25,35,1,0,39,3,0,3,0,0,7,0,83,0,0,99,88,96,0,99,76,99,99,1,0,39,3,0,3,0,0,14,0,99,0,0,99,71,64,0,99,39,25,71,1,0,39,3,0,3,0,0,14,0,78,0,0,99,72,72,0,61,38,25,32,1,0,39,3,0,3,0,0,14,0,75,0
9,16,SYN-BASS 2,0,99,98,70,0,99,25,25,61,2,0,39,3,0,3,0,0,14,0,99,0,0,99,98,70,0,99,39,32,46,0,0,39,3,0,3,0,1,14,0,89,0,0,99,98,70,0,99,39,32,71,1,0,39,3,0,3,0,0,4,0,99,0,0,99,98,70,0,99,39,32,71,0,0,39,3,0,0,0,0,5,0,99,0,0,99,98,70,0,99,39,32,71,0,0,39,3,0,3,0,0,8,0,99,0,0,99,98,70,0,99,39,32,71,0,0,39,3,0,0,59,0,7,0,80,0
3,17,HARP-FLUTE,0,99,70,0,0,95,35,30,33,1,0,0,0,0,0,0,3,14,0,99,3,0,99,70,0,0,95,42,99,28,2,0,0,0,0,0,0,2,7,0,66,3,0,99,49,0,0,95,50,99,35,3,0,0,0,0,0,0,3,7,0,88,3,0,99,98,96,0,36,17,50,55,1,0,0,0,0,0,0,1,0,0,93,3,0,99,98,96,0,40,17,50,55,1,0,50,0,0,0,47,0,7,0,77,3,1,99,37,20,0,97,81,50,55,9,0,0,0,0,0,0,0,7,0,99,3
5,18,BELL-FLUTE,0,99,58,0,0,54,28,39,46,1,0,0,0,0,0,0,0,0,0,99,0,0,73,95,73,0,46,39,25,38,1,0,0,0,0,0,0,0,9,0,73,0,0,0,99,0,0,27,99,37,45,1,0,0,0,0,0,0,3,14,0,97,1,0,92,58,0,0,85,21,25,45,6,0,0,0,0,0,0,0,5,0,76,0,0,0,98,0,0,23,99,37,45,1,0,0,0,0,0,0,3,7,0,92,1,0,99,58,0,0,85,21,25,45,8,0,0,0,0,0,0,0,11,0,76,0
5,19,E.P-BRS BC,0,99,75,0,0,96,23,25,54,1,0,0,0,0,0,0,2,7,0,95,3,0,99,75,0,0,95,0,25,54,1,0,0,0,0,0,0,3,7,0,76,3,0,99,80,0,0,95,27,20,54,1,0,36,0,36,0,0,2,14,0,94,3,0,99,81,0,0,97,41,13,54,14,0,0,0,0,0,0,4,7,0,42,3,3,99,99,99,0,72,78,20,57,1,0,0,0,0,0,0,0,7,0,99,3,2,99,99,98,0,90,52,25,54,1,0,7,0,0,0,0,0,7,0,78,2
5,20,T.BL-EXPA,0,99,0,0,0,95,20,19,25,1,0,0,0,0,0,0,0,9,0,95,2,0,99,0,0,0,98,29,71,28,2,75,0,0,0,0,0,0,10,0,82,2,0,99,0,0,0,95,33,71,25,1,0,0,0,0,0,0,0,2,0,95,2,0,99,0,0,0,98,12,71,28,2,75,0,0,0,0,0,0,5,0,75,2,0,99,99,72,0,38,98,0,35,1,0,0,0,0,0,0,2,3,0,99,2,0,99,99,80,0,16,99,12,28,1,0,0,0,0,0,0,0,11,0,90,2
5,21,CHIME-STRG,0,99,99,99,0,37,42,71,34,1,0,15,0,0,1,0,0,12,0,99,3,0,99,99,99,0,99,0,0,0,0,0,15,0,0,1,0,0,12,0,85,7,0,99,99,0,0,99,99,36,35,2,0,15,0,0,1,0,0,7,0,97,3,0,0,70,0,0,99,72,31,17,13,0,15,0,0,1,0,0,7,0,70,7,0,99,99,99,0,37,42,71,34,0,0,15,0,0,1,0,0,14,0,99,3,0,99,99,99,0,99,0,0,0,0,0,15,0,0,1,0,0,0,0,74,7
3,22,B.DRM-SNAR,0,99,0,0,0,90,50,33,62,13,91,51,3,98,0,98,0,7,1,99,3,0,99,0,0,0,95,57,0,0,1,0,41,0,0,1,0,0,10,1,98,0,0,99,90,0,0,99,80,35,57,16,83,48,0,0,1,0,1,4,1,94,0,0,99,80,0,0,95,50,42,45,10,20,56,0,98,3,98,3,7,1,99,3,0,99,89,0,0,99,78,60,50,0,0,80,3,0,1,0,1,7,0,90,0,0,99,99,99,0,99,99,99,0,27,57,32,0,0,2,0,0,7,1,99,0
5,23,SHIMMER,0,99,80,57,0,90,35,0,54,0,91,0,0,0,0,0,1,7,0,99,2,0,99,86,0,0,90,29,0,54,0,90,0,0,0,0,0,0,7,0,70,2,0,99,80,0,0,90,30,0,54,0,91,0,0,0,0,0,2,7,0,97,2,0,99,80,0,0,90,73,0,54,15,0,0,0,0,0,0,0,7,0,58,2,0,99,80,0,0,90,35,20,54,1,43,0,0,0,0,0,0,7,0,97,2,0,99,80,0,0,90,35,20,54,1,43,0,0,0,0,0,2,7,0,71,2
1,24,EVOLUTION,0,99,87,79,0,13,31,50,41,0,0,15,0,0,1,0,0,14,0,99,3,0,99,87,79,0,13,31,50,41,0,2,15,0,0,1,0,0,0,0,85,4,0,99,87,79,0,13,31,50,41,0,0,15,0,0,1,0,0,7,0,99,3,1,99,87,79,0,13,31,50,41,0,1,15,0,0,1,0,0,8,0,99,4,2,99,95,0,0,56,64,50,41,0,0,15,0,0,1,0,0,6,0,97,4,3,99,27,0,0,56,77,50,41,1,7,15,0,0,1,0,0,8,0,98,2
32,25,WATER GDN,0,0,99,0,0,99,99,60,65,1,0,39,0,0,0,0,0,7,0,99,0,0,0,99,0,0,40,99,60,72,1,50,39,0,0,0,0,0,7,0,99,0,0,0,99,0,0,25,99,60,77,2,0,39,0,0,0,0,0,7,0,99,0,0,0,99,0,0,20,99,60,80,2,50,39,0,0,0,0,0,7,0,95,0,0,0,99,0,0,14,99,60,80,6,0,39,0,0,0,0,0,7,0,93,0,0,0,99,0,0,9,99,60,81,12,0,39,0,0,0,0,0,7,0,99,0
18,26,WASP STING,0,99,90,99,0,35,20,20,26,1,0,0,0,0,0,0,0,7,0,83,2,0,99,90,80,0,13,20,20,34,0,0,0,0,0,0,0,1,7,0,99,2,0,99,90,80,0,68,20,20,79,0,0,0,0,0,0,0,1,7,0,99,2,0,99,90,80,0,68,20,20,70,1,0,0,0,0,0,0,0,7,0,97,2,0,99,90,80,0,68,20,20,70,1,0,0,0,0,0,0,2,10,0,99,2,0,99,90,80,0,60,15,15,70,1,1,0,0,0,0,0,2,7,0,80,2
31,27,LASER GUN,0,99,0,0,0,99,38,40,49,5,0,0,0,0,0,0,0,7,0,99,0,0,99,32,99,0,99,55,75,41,19,2,0,0,0,0,0,0,7,0,86,0,0,99,0,98,0,99,82,98,71,17,1,0,0,0,0,0,0,7,0,65,0,0,99,0,98,0,99,82,98,71,2,11,0,0,0,0,0,0,7,0,61,0,0,99,0,98,0,99,82,98,71,0,1,0,0,0,0,0,0,7,0,98,0,0,99,0,99,0,25,21,98,28,0,1,10,0,0,1,0,0,7,0,84,0
1,28,DESCENT,0,99,99,0,0,30,25,10,30,0,0,15,0,0,1,0,0,14,0,99,3,0,99,99,0,0,13,31,0,0,0,2,15,0,0,1,0,0,0,0,95,4,0,99,99,0,0,30,22,12,30,0,0,15,0,0,1,0,5,7,0,99,3,1,99,99,0,0,13,31,0,0,3,0,15,0,0,1,0,1,8,0,76,4,2,99,99,0,0,13,31,0,0,1,0,15,0,0,1,0,0,6,0,64,4,3,99,99,0,0,13,31,0,0,8,0,15,0,0,1,0,0,8,0,77,4
7,29,OCTAVE WAR,0,99,72,89,0,48,15,54,28,3,0,15,0,0,1,96,0,7,0,99,3,0,99,72,89,0,48,15,54,28,3,0,15,0,0,1,96,0,7,0,93,3,0,99,72,89,0,48,15,54,28,2,0,15,0,0,1,96,0,7,0,99,3,0,99,72,89,0,48,15,54,28,8,0,15,0,0,1,96,0,7,0,44,3,0,99,99,98,5,80,40,36,44,1,0,15,0,0,1,11,0,8,0,64,3,0,99,99,98,5,75,40,36,44,0,0,15,0,0,1,82,0,8,0,69,7
17,30,GRAND PRIX,0,99,35,28,0,29,21,20,50,4,0,40,2,23,2,0,0,7,0,92,3,0,69,88,59,0,93,40,13,36,2,0,20,0,36,1,0,0,7,0,89,4,0,99,85,52,0,53,29,25,30,0,0,43,0,19,1,4,2,7,0,99,3,0,99,68,0,0,40,32,83,30,0,0,60,2,13,1,0,5,7,0,99,2,0,82,62,42,0,47,20,69,33,0,0,0,0,0,1,0,7,2,0,55,2,0,82,68,0,0,32,21,38,30,0,0,33,2,13,1,18,0,7,0,80,2
17,31,ST.HELENS,0,99,23,0,86,45,14,14,32,0,0,39,0,0,0,0,0,7,0,99,0,0,99,23,0,85,45,14,14,19,0,3,39,0,0,0,0,0,7,0,92,0,0,0,0,99,85,21,20,99,19,0,9,79,3,67,0,98,0,7,0,97,7,0,0,0,99,89,32,20,99,20,0,23,97,3,69,0,98,0,7,0,93,7,0,0,0,99,90,28,20,99,18,0,20,98,3,72,0,98,0,7,0,98,7,0,99,0,99,89,19,20,99,19,0,49,99,3,72,0,98,0,7,0,96,7
16,32,EXPLOSION,0,99,99,0,0,99,45,24,13,0,0,32,0,0,0,0,2,0,0,70,3,0,99,93,0,0,99,50,22,17,2,0,32,0,0,0,0,2,7,1,82,3,0,85,99,0,0,85,42,25,11,0,30,32,0,0,0,0,1,14,0,83,3,0,99,95,0,0,99,45,24,9,0,2,32,0,0,0,0,7,7,0,99,3,0,99,95,0,0,99,45,24,12,7,20,32,0,0,0,0,7,5,0,60,3,0,99,85,0,0,95,82,0,0,0,3,32,0,0,0,0,0,7,0,99,3
16,1,FLUTE   1,0,93,89,98,0,66,72,75,61,1,0,41,0,0,0,0,1,7,0,92,0,0,99,99,90,0,99,97,62,54,1,0,0,0,0,0,0,0,9,0,69,4,0,88,44,24,0,53,38,75,61,1,0,46,3,0,0,0,1,11,0,68,0,0,99,99,97,0,61,25,25,60,1,53,60,0,10,0,10,0,7,0,47,3,0,99,0,0,0,65,38,0,61,2,0,53,0,0,0,43,0,7,0,54,0,0,99,67,52,0,99,64,98,61,1,53,46,0,0,3,0,1,8,0,84,0
5,2,HARPSICH 1,0,99,90,0,0,95,28,27,47,4,0,49,0,0,0,0,2,7,0,89,3,0,99,97,91,98,95,72,71,99,0,0,49,0,0,0,0,0,7,0,99,1,0,99,90,0,0,95,28,27,47,1,0,49,0,0,0,0,2,6,0,85,3,0,99,97,91,98,95,72,71,99,3,0,64,0,0,0,46,0,7,0,99,1,0,99,90,0,0,95,28,27,47,4,0,49,0,0,0,0,3,6,0,83,3,0,99,97,91,98,95,72,71,99,6,0,64,0,0,0,55,0,7,0,87,1
15,3,STRG ENS 1,0,99,98,36,0,32,56,10,47,2,1,39,3,99,3,0,2,11,0,98,0,0,93,56,28,0,77,7,7,29,2,1,68,2,0,0,99,0,0,0,81,0,0,99,92,92,0,51,15,10,47,2,0,56,3,91,0,0,1,14,0,99,0,0,98,98,98,0,49,74,10,32,2,0,41,2,56,0,0,2,9,0,72,0,0,99,92,0,0,76,73,10,28,2,0,0,0,0,0,0,2,5,0,71,0,0,99,92,0,0,72,76,10,32,8,0,0,0,0,0,0,2,12,0,75,0
15,4,BRIGHT BOW,0,99,92,90,0,52,30,25,43,1,0,0,0,0,0,0,1,7,0,99,2,0,82,92,87,0,99,71,35,51,1,0,54,0,0,0,0,0,7,0,86,1,0,99,92,91,0,50,52,35,41,1,0,51,3,99,0,60,1,7,0,99,2,0,99,92,89,0,96,19,20,54,1,0,0,0,0,0,0,2,7,0,75,2,0,86,92,74,0,53,67,38,54,3,0,0,0,0,0,0,1,7,0,84,2,0,99,92,56,0,53,64,44,54,14,0,55,3,25,0,0,2,7,0,54,2
18,5,BRASSHORNS,0,99,86,86,0,57,24,19,60,1,0,0,0,0,0,0,2,7,0,99,2,0,85,0,0,0,37,34,15,64,1,0,0,0,0,0,0,2,7,0,67,2,0,99,86,86,0,46,35,22,56,1,0,0,0,0,0,0,3,7,0,79,1,0,53,61,62,0,66,92,22,50,1,0,0,0,0,0,0,1,7,0,79,0,0,98,61,62,0,48,55,22,50,3,6,0,0,0,0,0,1,6,0,70,0,0,99,0,0,0,77,56,20,70,7,21,0,0,0,0,0,1,7,0,79,7
18,6,BR TRUMPET,0,99,86,86,0,70,24,19,55,1,0,0,0,0,0,0,4,7,0,99,2,0,85,0,0,0,99,12,22,50,2,5,68,0,0,1,96,7,7,0,50,2,0,99,61,61,0,41,12,22,50,1,0,0,0,0,0,0,1,7,0,79,5,0,99,61,61,0,66,76,22,50,1,0,63,0,0,0,0,4,7,0,74,5,0,99,61,61,0,48,12,22,50,6,4,0,0,0,0,0,0,6,0,50,5,0,99,0,0,0,42,56,20,70,7,21,0,0,0,0,0,3,7,0,99,7
7,7,MARIMBA,0,99,80,0,0,99,33,50,46,1,0,0,0,0,0,0,7,7,0,99,3,0,99,80,0,0,99,33,46,50,5,0,54,0,0,0,46,6,7,0,60,4,0,99,80,0,0,99,31,50,46,1,0,0,0,0,0,0,7,7,0,99,3,0,82,48,0,0,90,75,0,82,7,0,54,0,0,0,0,5,7,0,91,0,0,82,48,0,0,99,64,0,8,7,0,54,0,0,0,46,2,7,0,97,0,0,78,78,0,0,99,77,55,0,7,0,41,0,0,0,0,4,7,0,87,0
5,8,E.PIANO 1,0,99,75,0,0,96,25,25,67,1,0,0,0,0,0,0,2,10,0,99,3,0,99,75,0,0,95,50,35,78,14,0,0,0,0,0,0,7,7,0,58,3,0,99,95,0,0,95,20,20,50,1,0,0,0,0,0,0,2,7,0,99,3,0,99,95,0,0,95,29,20,50,1,0,0,0,0,0,0,6,7,0,89,3,0,99,95,0,0,95,20,20,50,1,0,0,0,0,0,0,0,0,0,99,3,0,99,95,0,0,95,29,20,50,1,0,41,0,0,0,19,6,14,0,79,3
4,9,PIANO   1,0,99,90,0,0,88,28,27,50,1,0,49,0,0,0,0,4,7,0,99,2,0,99,67,91,90,88,92,71,63,1,0,39,0,0,0,13,2,9,0,88,2,0,99,90,0,0,95,28,27,47,5,0,5,0,0,1,99,3,9,0,79,2,0,99,90,0,0,88,28,27,50,1,0,49,0,0,0,0,2,7,0,98,3,0,99,90,0,0,83,0,27,50,1,0,49,0,0,0,0,3,10,0,68,2,0,99,90,0,0,95,28,27,47,1,0,5,0,0,1,0,0,7,0,59,2
19,10,PIPES   1,0,99,99,98,0,45,25,25,36,0,0,41,0,0,0,50,0,7,0,99,5,0,99,99,90,0,99,97,62,47,0,0,0,0,0,0,0,0,7,0,90,4,0,99,99,90,0,99,97,62,47,1,0,46,3,17,0,40,0,7,0,75,5,0,99,99,97,0,61,25,25,50,4,0,60,0,10,0,10,0,7,0,88,3,0,99,99,93,0,61,25,25,61,2,0,0,0,0,0,0,0,7,0,97,3,0,99,99,99,0,72,25,25,70,10,0,46,0,10,3,1,2,7,0,76,3
32,11,E.ORGAN 1,0,99,99,99,0,99,80,22,90,0,0,0,0,0,0,0,0,5,0,94,0,0,99,99,97,0,99,20,22,90,1,1,0,0,0,0,10,0,1,0,94,0,0,99,99,99,0,99,80,54,82,1,50,0,0,0,0,0,0,11,0,94,0,0,99,99,99,0,99,80,22,90,0,0,0,0,0,0,0,0,12,0,94,0,0,99,99,99,0,99,80,22,90,1,0,0,0,0,0,0,0,9,0,94,0,0,99,0,0,0,99,54,22,90,3,0,0,0,0,0,0,0,7,0,94,0
16,12,E.BASS  1,0,99,95,32,0,95,62,17,58,0,0,36,3,57,0,14,0,7,0,99,7,0,99,0,0,0,99,20,0,0,0,0,41,0,0,0,0,0,7,0,80,7,0,79,65,0,0,88,96,32,30,0,0,0,0,0,0,0,3,7,0,99,6,0,90,30,0,0,90,42,7,55,5,0,0,0,0,0,0,5,7,0,93,5,0,99,0,0,0,99,0,0,0,0,0,52,0,75,0,0,3,7,0,62,7,0,93,28,0,0,94,56,24,55,9,0,0,0,0,0,0,7,7,0,85,1
18,13,CLAV    1,0,99,90,0,0,95,92,28,60,1,0,32,0,0,0,0,7,8,0,99,3,0,99,96,89,0,95,95,0,0,0,0,32,0,0,0,0,5,6,0,82,3,0,87,86,0,0,98,87,0,0,3,50,32,0,0,0,21,7,7,0,85,3,0,99,90,0,0,95,92,28,60,3,0,32,0,0,0,0,3,7,0,81,3,0,99,96,89,0,95,95,54,0,4,0,32,0,0,0,0,4,5,0,74,3,0,87,86,0,0,98,87,0,0,12,0,32,0,0,0,21,2,7,0,82,3
1,14,HARMONICA1,0,92,87,0,0,54,56,28,64,0,0,36,0,0,0,0,0,0,0,0,0,1,89,10,43,0,38,17,99,61,1,0,0,0,0,0,0,0,7,0,0,0,0,92,87,0,0,54,56,28,64,1,0,36,0,0,0,0,0,7,0,99,0,0,89,10,43,0,38,17,99,61,0,1,0,0,0,0,0,0,7,0,72,0,0,98,0,98,0,65,86,98,62,5,0,0,0,0,0,0,0,14,0,61,0,0,99,67,52,0,99,32,98,62,6,27,7,0,0,0,0,7,7,0,41,0
8,15,JAZZ GUIT1,0,99,95,0,0,74,85,27,70,1,0,0,0,0,0,0,3,7,0,99,4,0,99,86,0,0,91,25,39,60,3,0,0,0,0,0,65,4,7,0,97,2,0,99,92,0,0,78,87,22,75,1,0,34,0,9,0,0,7,7,0,99,3,0,99,92,0,0,81,87,22,75,3,0,0,0,0,0,14,4,7,0,90,4,0,99,92,0,0,81,87,22,75,3,0,0,0,0,0,15,7,7,0,92,4,0,99,0,0,0,99,57,99,75,14,0,39,0,53,0,20,5,7,0,75,0
8,16,PRC SYNTH1,0,99,99,99,0,98,72,75,61,0,0,32,1,0,0,0,2,8,0,99,0,0,99,71,71,0,74,28,29,61,0,0,48,0,0,0,0,2,11,0,92,2,0,99,89,99,0,98,72,75,61,0,0,32,1,0,0,0,3,6,0,99,3,0,88,44,25,0,85,28,75,61,0,0,48,0,0,0,0,4,11,0,98,2,0,88,44,25,0,85,38,75,61,1,0,48,0,0,0,0,4,7,0,86,2,0,88,44,25,0,85,16,75,61,8,0,15,0,0,1,62,6,4,0,80,2
18,17,SAX BC,3,99,99,99,0,64,11,7,65,1,0,0,0,0,0,0,0,0,0,95,0,1,99,99,99,0,95,0,25,54,0,0,39,0,0,0,53,0,7,0,75,3,2,99,99,98,0,99,16,14,64,0,0,36,0,0,0,0,0,7,0,76,0,2,99,99,99,0,98,14,7,64,0,0,0,0,0,0,0,0,7,0,70,0,3,98,99,99,0,98,10,6,62,5,16,0,0,0,0,0,0,14,0,52,0,0,99,99,99,0,90,52,25,54,0,0,7,0,0,0,0,7,7,0,99,2
17,18,FRETLESS 1,0,96,70,0,0,79,36,18,63,0,1,48,0,0,0,12,2,7,0,99,3,0,99,0,0,0,35,27,42,50,0,1,41,0,0,0,35,2,7,0,77,1,0,97,78,0,0,73,25,32,30,1,0,0,0,0,0,0,3,14,0,68,3,0,93,57,0,0,80,39,28,53,0,0,0,0,0,0,0,2,7,0,99,3,0,99,74,0,0,99,51,0,0,1,0,34,0,0,0,32,2,7,0,75,4,0,96,97,0,0,25,50,24,55,0,0,0,0,0,0,0,7,8,0,87,3
14,19,HARP    1,0,99,0,0,0,83,35,0,39,1,0,15,0,0,1,28,7,7,0,96,2,0,99,0,0,0,99,60,26,71,2,0,99,1,86,1,99,6,7,0,80,2,0,99,0,0,0,83,34,0,46,1,0,15,0,0,1,28,6,12,0,99,1,0,99,0,0,0,99,34,26,39,2,0,84,1,14,0,99,5,7,0,82,2,0,99,0,0,0,99,56,26,42,5,0,15,0,0,1,56,5,7,0,83,0,0,99,0,0,0,96,89,26,46,6,0,15,0,0,1,0,4,8,0,84,0
16,20,TIMPANI,0,99,0,0,0,91,36,98,33,0,0,0,0,0,0,0,7,7,0,99,3,0,99,72,127,0,99,76,26,23,0,0,41,0,0,1,0,1,10,0,80,4,0,99,72,0,0,99,77,26,23,0,36,0,0,0,1,0,0,4,0,85,3,0,99,75,0,0,65,31,17,30,0,75,41,3,0,0,15,6,7,0,87,3,0,99,0,0,0,99,50,26,19,0,0,80,3,0,1,0,1,7,0,73,0,0,98,0,0,0,98,2,26,27,0,56,41,0,0,0,24,1,7,0,73,4
14,21,HEAVYMETAL,0,99,99,99,0,99,0,12,70,0,0,32,0,0,0,0,0,8,0,95,1,0,99,0,0,0,99,31,0,0,0,0,32,0,0,0,0,0,11,0,90,0,0,41,98,90,0,87,77,79,33,0,0,32,1,0,0,0,0,7,0,95,3,0,99,83,98,0,99,49,99,44,2,0,48,0,0,0,0,0,6,0,76,2,0,41,98,90,0,87,77,79,33,0,0,32,0,0,0,0,0,5,0,99,5,0,99,83,98,0,98,49,98,44,3,0,32,1,99,0,19,0,12,0,92,2
15,22,STEEL DRUM,0,99,92,0,0,99,40,33,38,1,0,0,3,0,3,0,4,7,0,99,4,0,99,87,0,0,99,19,20,9,1,70,57,2,0,0,71,4,7,0,64,2,0,99,92,0,0,99,30,35,42,1,0,0,0,0,0,0,5,7,0,99,3,0,91,82,0,0,99,44,50,21,2,0,0,0,0,0,0,3,14,0,88,3,0,91,82,0,0,99,40,38,0,4,33,0,0,0,0,0,2,7,0,64,3,0,91,82,0,0,99,49,28,12,2,60,0,0,0,0,0,3,7,1,49,3
18,23,SYN-LEAD 1,0,99,99,99,0,99,0,12,70,0,0,32,0,0,0,0,0,8,0,85,1,0,99,99,99,0,99,20,0,0,0,0,32,0,0,0,0,0,6,0,82,0,0,96,92,92,0,99,99,99,0,4,0,32,1,99,0,0,7,7,0,78,0,0,99,90,0,0,99,20,20,60,0,0,48,0,0,0,0,7,9,0,86,0,0,99,65,60,0,99,2,97,0,1,50,32,0,0,0,0,7,2,0,56,1,0,99,99,97,0,99,20,60,0,10,0,32,1,99,0,19,7,12,0,62,3
1,24,VOICES BC,3,99,85,85,0,34,20,53,42,1,0,0,0,0,0,0,0,0,0,89,0,3,69,75,75,51,60,30,53,25,1,2,0,0,0,0,0,1,7,0,99,0,3,99,94,97,0,33,20,53,42,1,1,0,0,0,0,0,3,14,0,99,0,0,48,58,20,9,72,19,41,12,1,2,0,0,0,0,0,1,10,0,99,0,0,99,90,85,0,35,21,36,63,1,1,0,0,0,0,0,1,6,0,53,0,0,99,99,99,0,99,72,48,17,5,2,0,0,0,0,0,0,8,0,55,0
4,25,CLAV ENS,0,99,95,0,0,80,32,18,66,0,0,0,0,0,0,0,3,7,0,99,4,0,99,85,0,0,99,39,21,30,0,0,0,0,0,1,0,2,14,0,93,0,0,99,95,0,0,95,17,17,66,3,0,38,2,99,1,99,4,7,0,77,0,0,99,99,0,0,95,99,23,84,2,0,0,0,0,1,0,3,7,0,99,7,0,99,61,0,0,99,42,15,99,0,0,10,0,0,1,0,2,7,0,91,0,0,76,51,0,0,93,5,17,30,12,0,10,0,32,1,0,1,10,0,67,2
31,26,LASERSWEEP,0,99,0,0,0,99,38,40,15,5,0,0,0,0,0,0,0,7,0,99,0,0,99,32,99,0,99,55,75,18,19,2,0,0,0,0,0,0,7,0,86,0,0,99,0,98,0,99,82,98,17,17,1,0,0,0,0,0,0,7,0,65,0,0,99,0,98,0,99,82,98,15,2,11,0,0,0,0,0,0,7,0,61,0,0,99,0,98,0,99,82,98,15,0,1,0,0,0,0,0,0,7,0,98,0,0,99,0,99,0,25,21,98,15,0,1,10,0,0,1,0,0,7,0,84,0
5,27,TUB ERUPT,0,99,0,32,0,95,33,71,25,1,0,0,0,0,0,0,0,9,0,95,2,0,99,0,32,0,98,12,71,28,2,75,0,0,0,0,0,0,10,0,78,2,0,99,0,32,0,95,33,71,25,1,0,0,0,0,0,0,0,2,0,99,2,0,99,0,32,0,98,12,71,28,2,75,0,0,0,0,0,0,5,0,75,2,0,99,0,32,0,69,11,71,28,0,0,0,0,0,0,0,0,7,0,99,0,0,99,0,32,0,19,12,71,28,0,0,0,0,0,0,0,0,7,0,98,0
17,28,GRAND PRIX,0,99,35,28,0,29,21,20,50,4,0,40,2,23,2,0,0,7,0,92,3,0,69,88,59,0,93,40,13,36,2,0,20,0,36,1,0,0,7,0,89,4,0,99,85,52,0,53,29,25,30,0,0,43,0,19,1,4,2,7,0,99,3,0,99,68,0,0,40,32,83,30,0,0,60,2,13,1,0,5,7,0,99,2,0,82,62,42,0,47,20,69,33,0,0,0,0,0,1,0,7,2,0,55,2,0,82,68,0,0,32,21,38,30,0,0,33,2,13,1,18,0,7,0,80,2
18,29,REFS WHISL,0,99,99,99,0,60,39,28,49,3,32,0,0,0,0,0,1,7,1,90,4,0,99,99,99,0,60,39,28,45,9,53,0,0,0,0,0,0,7,1,93,4,0,99,99,99,0,60,39,8,0,1,67,0,0,0,0,0,0,7,1,66,4,0,96,89,0,0,94,68,24,55,7,82,0,0,0,0,0,0,7,1,75,1,0,99,0,0,0,99,0,0,0,4,0,41,0,0,0,0,0,7,1,64,0,0,96,78,0,0,94,56,24,55,5,0,0,0,0,0,0,0,7,1,78,1
5,30,TRAIN,0,99,85,85,0,65,24,19,57,1,64,44,0,99,0,99,0,7,0,99,3,0,99,61,66,0,39,13,12,72,3,1,44,0,99,0,99,0,7,0,72,5,0,99,0,0,0,98,29,28,33,22,57,99,1,98,1,0,0,9,1,99,0,0,99,0,0,0,98,29,28,27,10,99,20,1,0,1,0,0,5,1,89,0,3,99,99,99,99,42,17,25,53,0,0,36,3,0,0,83,0,5,0,80,0,1,99,99,99,98,49,17,25,53,0,32,36,1,71,0,99,0,14,1,99,0
18,31,BRASS S H,0,99,95,95,0,70,24,19,55,1,0,0,0,0,0,0,0,7,0,99,2,3,99,99,99,0,99,99,99,50,1,0,28,0,0,0,99,0,14,0,96,2,0,99,95,95,0,41,12,22,50,1,0,0,0,0,0,0,2,6,0,81,5,3,99,65,65,0,66,76,22,50,1,0,63,0,0,0,0,4,10,0,74,5,3,99,61,61,0,48,12,22,50,6,4,0,0,0,0,0,4,3,0,50,5,3,99,0,0,0,42,56,20,70,7,21,0,0,0,0,0,3,7,0,99,7
10,32,TAKE OFF,0,61,96,0,0,9,14,17,34,4,1,0,0,0,0,0,0,7,0,99,0,0,80,95,0,0,82,80,19,14,1,0,0,0,0,0,0,0,7,0,96,0,0,67,38,73,0,76,35,99,11,6,1,0,0,0,0,0,0,7,0,99,0,0,99,95,99,0,13,14,20,30,0,0,0,0,0,0,0,0,7,0,99,0,0,99,90,0,0,88,24,23,37,2,1,0,0,0,0,0,0,7,0,96,0,0,99,92,0,0,89,22,20,41,0,0,0,0,0,0,0,0,7,0,99,0
4,1,PIANO   2,0,99,90,0,0,88,28,27,50,1,0,49,0,0,0,0,4,7,0,99,2,0,99,67,91,90,88,92,71,63,1,0,39,0,0,0,13,1,9,0,88,2,0,99,90,0,0,95,28,27,47,5,0,5,0,0,1,99,3,9,0,79,2,0,99,90,0,0,88,28,27,50,1,0,49,0,0,0,0,4,7,0,98,3,0,99,90,0,0,83,0,27,50,1,0,49,0,0,0,0,3,10,0,68,2,0,99,90,0,0,95,28,27,47,1,0,5,0,0,1,0,0,7,0,59,2
17,2,E.GRAND 1,0,99,62,0,0,96,30,25,50,1,0,0,0,0,0,0,3,7,0,99,3,0,99,75,0,0,95,30,25,50,1,0,0,0,0,0,10,2,7,0,86,2,0,99,85,0,0,90,27,20,50,5,0,36,0,0,0,68,2,7,0,71,3,0,99,86,48,0,97,27,10,25,3,0,0,0,0,0,96,0,7,0,97,3,0,95,90,0,0,90,68,20,43,1,0,39,3,83,0,0,3,7,0,70,3,0,99,53,0,0,127,42,47,36,1,0,0,0,0,0,0,4,7,0,66,3
11,3,E.GRAND 2,0,97,90,0,0,88,28,27,50,1,0,0,0,0,3,99,4,7,0,99,2,0,91,90,0,0,71,28,27,50,1,0,39,0,0,0,13,2,9,0,88,2,0,99,90,0,0,95,28,27,47,4,0,22,0,0,0,52,3,5,0,78,2,0,99,90,0,0,71,28,27,50,1,0,49,0,0,3,99,4,7,0,99,3,0,99,90,0,0,83,28,27,50,1,0,41,0,0,0,37,2,11,0,80,2,0,99,90,0,0,95,28,27,47,3,0,5,0,0,1,63,2,7,0,86,2
3,4,HONKY TONK,0,99,95,0,0,90,30,28,50,1,0,32,0,0,0,0,4,13,0,91,3,0,91,90,0,0,98,36,6,32,1,0,50,3,22,0,50,2,0,0,81,2,0,83,67,0,0,94,80,19,12,7,0,43,3,9,0,20,2,14,0,99,3,0,99,97,0,0,90,64,28,48,1,0,46,0,0,0,0,3,14,0,95,3,0,91,90,0,0,98,20,6,2,1,0,41,3,0,0,27,2,0,0,87,2,0,4,19,0,0,94,1,33,12,5,0,53,0,0,3,0,2,9,0,96,2
12,5,E.PIANO 2,0,99,93,0,0,90,85,20,54,1,0,0,3,0,0,0,1,6,0,99,2,0,99,93,0,0,85,85,20,54,1,0,32,2,0,0,0,2,10,0,75,2,0,99,90,0,0,80,70,35,55,1,0,0,0,0,2,0,3,8,0,99,2,0,99,0,0,0,95,61,50,78,0,2,0,0,0,3,0,7,0,0,93,3,0,87,55,0,0,94,38,34,68,11,0,0,0,0,1,0,6,9,0,53,3,0,99,99,0,0,94,99,0,85,1,0,34,2,0,0,40,0,7,0,88,4
6,6,E.PIANO 3,0,99,75,0,0,96,25,25,54,1,0,0,0,0,0,0,0,7,0,99,3,0,99,99,75,0,95,99,0,54,1,0,0,0,0,0,0,2,7,0,74,3,0,99,80,0,0,95,31,20,54,1,0,36,0,36,0,0,1,7,0,99,3,0,99,81,0,0,97,68,13,54,14,0,0,0,0,0,0,4,7,0,32,3,0,99,95,0,0,95,78,20,57,1,0,0,0,0,0,0,2,7,0,99,3,0,99,60,0,0,90,52,25,54,11,0,7,0,0,0,0,7,7,0,60,2
5,7,E.PIANO 4,0,99,75,0,0,96,33,27,54,1,0,0,0,0,0,0,2,7,0,98,3,0,99,99,75,0,95,99,0,54,2,0,0,0,0,0,0,2,7,0,74,3,0,99,80,0,0,95,31,20,54,1,0,36,0,36,0,0,1,7,0,99,3,0,99,81,0,0,97,68,13,54,14,0,0,0,0,0,0,4,7,0,32,3,0,99,95,0,0,95,78,20,57,1,0,0,0,0,0,0,2,7,0,99,3,0,99,60,0,0,90,52,25,54,3,0,7,0,0,0,0,7,7,0,75,2
7,8,CELESTE,0,99,80,0,0,99,33,50,36,1,0,0,0,0,0,0,7,10,0,99,3,0,99,80,0,0,99,33,46,50,5,0,54,0,0,0,46,6,7,0,60,4,0,99,80,0,0,99,31,50,38,1,0,0,0,0,0,0,7,3,0,99,3,0,82,48,0,0,90,57,0,33,8,0,54,0,0,0,0,3,7,0,91,0,0,82,48,0,0,99,64,0,8,7,0,54,0,0,0,46,2,7,0,55,0,0,78,78,0,0,99,77,55,0,7,0,41,0,0,0,0,1,7,0,87,0
18,9,FUNK CLAV,0,99,90,0,0,95,92,28,60,3,0,32,0,0,0,0,5,8,0,99,3,0,99,96,89,0,95,95,0,0,0,0,32,0,0,0,0,4,6,0,92,3,0,87,86,0,0,98,87,0,0,3,50,32,0,0,0,21,4,7,0,81,3,0,99,90,0,0,95,92,28,60,2,0,32,0,0,0,0,4,7,0,84,3,0,99,96,89,0,95,95,54,0,0,0,32,0,0,0,0,3,5,0,94,3,0,87,86,0,0,98,87,0,0,19,0,32,0,0,0,21,1,7,0,53,3
4,10,CLAV ENS 2,0,99,95,0,0,80,32,18,66,0,0,0,0,0,0,0,4,7,0,91,4,0,99,85,0,0,99,39,21,30,0,0,0,0,0,1,0,3,14,0,88,0,0,99,95,0,0,95,17,17,66,5,0,38,2,99,1,99,4,7,0,65,0,0,99,99,0,0,95,99,23,84,2,0,0,0,0,1,0,4,7,0,90,7,0,99,61,0,0,99,42,15,99,0,0,10,0,0,1,0,3,7,0,91,0,0,76,51,0,0,93,5,17,30,12,0,10,0,32,1,0,3,10,0,67,2
4,11,PERC CLAV,0,99,90,0,0,95,92,28,60,0,0,32,0,0,0,0,3,8,0,99,3,0,99,96,89,0,95,95,0,0,0,0,32,0,0,0,0,3,6,0,99,3,0,87,86,0,0,98,87,0,0,4,50,32,0,0,0,21,4,4,0,64,3,0,99,80,0,0,95,64,28,60,2,0,32,0,0,0,0,2,7,0,99,3,0,99,78,89,0,95,95,0,0,0,0,32,0,0,0,0,0,5,0,99,3,0,87,86,0,0,98,87,0,0,8,0,32,0,0,0,21,5,7,0,78,3
5,12,HARPSICH 2,0,99,90,0,0,95,28,27,47,4,0,49,0,0,0,0,2,7,0,89,3,0,99,97,91,98,95,72,71,99,1,0,49,0,0,0,0,0,7,0,99,1,0,99,90,0,0,95,28,27,47,1,0,49,0,0,0,0,2,6,0,85,3,0,99,97,91,98,95,72,71,99,4,0,64,0,0,0,46,0,7,0,99,1,0,99,90,0,0,95,28,27,47,1,0,49,0,0,0,0,3,6,0,83,3,0,99,97,91,98,95,72,71,99,5,0,64,0,0,0,55,0,7,0,87,1
29,13,E.ORGAN 2,0,99,99,99,0,99,99,99,98,0,0,39,0,0,0,0,0,7,0,99,0,0,99,99,99,0,99,99,99,98,1,0,39,0,0,0,0,0,8,0,99,0,0,99,99,99,0,99,99,99,98,2,0,86,3,99,3,0,7,7,0,99,0,0,99,99,99,0,99,99,99,98,5,0,39,0,0,0,0,7,7,0,71,0,0,99,99,99,0,99,99,99,98,2,0,39,0,0,0,0,0,7,0,86,0,0,99,0,0,0,99,61,99,99,4,0,39,0,98,0,0,0,7,0,75,0
29,14,E.ORGAN 3,0,99,99,99,0,99,99,99,98,1,0,39,0,0,0,0,0,7,0,99,0,0,99,99,99,0,99,99,99,98,2,0,39,0,0,0,0,0,8,0,99,0,0,99,99,99,0,99,99,99,98,1,0,39,0,0,0,0,0,11,0,99,0,0,99,99,99,0,99,99,99,98,1,0,39,0,0,0,0,0,3,0,75,0,0,99,99,99,0,99,99,99,98,3,0,39,0,0,0,0,0,7,0,99,0,0,99,0,0,0,99,42,99,99,7,0,39,0,0,0,0,7,7,0,62,0
29,15,60-S ORGAN,0,99,99,99,0,99,98,10,99,0,100,0,0,0,0,0,0,7,0,91,0,0,99,99,99,0,99,98,10,99,2,0,0,0,0,0,0,0,7,0,90,0,0,99,99,99,0,99,98,10,99,3,0,0,0,0,0,0,0,7,0,90,0,0,99,99,99,0,99,98,10,99,3,0,0,0,0,0,0,0,7,0,90,0,0,99,99,99,0,99,98,10,99,3,0,0,0,0,0,0,0,7,0,89,0,0,99,99,99,0,99,98,10,99,1,0,0,0,0,0,0,0,7,0,73,0
25,16,PIPES   2,0,99,97,99,0,53,80,41,48,0,0,35,3,13,0,10,0,7,0,99,2,0,57,75,99,0,85,30,57,64,4,1,0,0,0,0,30,0,7,0,99,0,0,99,99,99,0,47,80,22,63,1,1,35,0,13,0,15,0,7,0,97,4,0,99,99,99,0,62,80,22,50,2,1,0,0,0,0,20,0,6,0,98,0,0,70,70,70,0,88,68,22,75,8,1,78,0,0,2,5,0,7,0,84,0,0,99,99,99,0,89,80,22,65,4,1,0,0,0,1,60,0,7,0,58,0
6,17,PIPES   3,0,99,99,98,0,60,25,25,71,1,0,0,0,0,0,4,0,7,0,94,0,0,99,99,90,0,99,97,62,54,0,0,0,0,0,0,0,0,7,0,83,4,0,99,99,97,0,53,37,18,54,2,0,0,3,0,0,3,0,7,0,94,5,0,99,99,99,0,99,99,25,50,1,0,60,0,0,0,0,0,7,0,72,3,0,99,99,99,0,43,99,99,51,2,0,0,0,0,0,6,0,7,0,81,3,0,99,99,99,0,99,99,99,45,6,0,27,0,14,1,83,0,7,0,79,3
16,18,CALIOPE,0,82,75,95,0,60,71,66,65,1,0,41,0,0,0,0,2,7,0,93,0,0,99,60,0,0,59,53,62,54,4,15,0,0,0,0,0,2,7,0,70,4,0,88,44,24,0,53,38,75,61,2,2,46,3,0,0,0,0,14,0,62,0,0,99,99,97,0,61,25,25,60,2,0,60,0,10,0,10,0,0,0,70,3,0,99,0,0,0,65,38,0,61,2,0,53,0,0,0,43,0,7,0,51,0,0,99,67,52,0,71,64,98,61,4,78,46,0,0,3,0,2,8,0,77,0
4,19,ACCORDION,0,99,92,82,0,49,15,10,74,0,0,0,0,0,0,0,0,7,0,83,0,0,99,92,71,0,91,15,10,55,1,0,0,0,0,0,0,0,13,0,79,0,0,99,92,71,0,87,15,10,46,3,0,0,0,0,0,0,0,14,0,52,0,0,99,92,99,0,60,15,10,69,1,0,0,0,0,0,0,0,7,0,86,0,0,99,92,68,0,63,15,10,46,0,0,39,1,0,3,0,0,6,0,70,0,0,90,92,68,0,98,15,10,50,6,0,0,0,0,0,0,0,8,0,57,0
30,20,TOY PIANO,0,99,99,0,0,99,99,36,41,1,0,39,3,0,0,0,4,7,0,99,0,0,99,70,0,0,99,71,30,42,2,1,39,3,0,0,0,4,7,0,98,0,0,99,70,0,0,99,71,39,42,4,11,39,3,0,0,0,4,7,0,99,0,0,99,99,99,0,99,99,29,30,12,5,39,3,0,0,0,0,7,0,68,5,0,99,99,99,0,99,99,99,42,12,1,39,3,0,0,0,0,7,0,66,0,0,99,99,0,0,99,99,36,41,1,4,39,3,0,0,0,4,7,0,85,0
8,21,SITAR,0,99,98,0,0,99,77,26,42,20,0,15,0,0,1,0,3,7,0,68,2,0,99,98,0,0,99,41,26,7,1,0,15,0,0,1,0,2,7,0,92,2,0,99,98,0,0,99,77,26,28,1,0,15,0,0,1,0,1,7,0,86,2,0,99,98,0,0,99,41,42,7,7,0,15,0,0,1,0,2,4,0,85,2,0,99,98,0,0,99,77,26,7,1,0,15,0,0,1,0,3,2,0,82,2,0,99,98,0,0,99,41,26,10,9,0,15,0,0,1,0,1,8,0,32,2
2,22,KOTO,0,99,92,0,0,94,62,58,34,1,0,0,0,0,0,0,4,7,0,90,6,0,99,83,0,0,99,68,28,48,4,0,0,0,0,0,10,2,7,0,99,6,0,99,92,0,0,94,64,30,33,1,0,0,0,0,0,0,4,7,0,99,5,0,99,76,0,0,90,28,17,39,1,0,10,0,0,1,17,1,7,0,82,6,0,99,90,0,0,91,37,29,29,4,0,0,0,0,0,5,1,7,0,83,6,0,99,81,0,0,82,53,37,48,3,0,0,0,0,0,5,1,7,0,81,6
8,23,JAZZ GUIT2,0,99,95,0,0,74,85,27,70,1,0,0,0,0,0,0,4,7,0,99,4,0,99,74,0,0,99,99,75,60,23,67,0,0,0,0,0,7,7,1,85,2,0,99,92,0,0,78,87,22,75,1,0,34,0,9,0,0,4,7,0,99,3,0,99,92,0,0,81,87,22,75,3,0,0,0,0,0,0,4,7,0,82,4,0,99,0,0,0,99,43,55,65,14,0,0,0,0,0,35,3,7,0,74,2,0,99,85,56,0,19,76,56,65,2,72,0,0,0,0,40,3,7,0,99,2
14,24,SPANISHGTR,0,99,27,0,0,75,79,24,66,1,0,25,2,0,2,0,3,7,0,39,3,0,99,27,0,0,91,98,24,53,27,0,20,0,0,1,0,1,9,0,90,3,0,99,27,0,0,75,28,24,66,1,0,25,2,0,2,0,1,7,0,85,3,0,99,27,0,0,91,28,24,53,3,0,20,0,0,1,0,2,7,0,63,3,0,96,27,0,0,52,23,24,53,1,0,42,0,0,1,0,3,7,0,61,3,0,99,27,0,0,91,28,24,53,5,0,10,0,0,0,0,2,7,0,74,3
14,25,FOLK GUIT,0,99,0,0,0,99,49,24,66,3,0,25,2,0,2,0,3,7,0,66,3,0,99,99,0,0,99,99,0,55,1,0,25,2,0,2,0,0,9,0,98,3,0,99,80,0,0,75,31,20,55,1,0,25,2,0,2,0,1,7,0,85,3,0,99,27,0,0,91,25,17,53,4,0,20,0,0,1,0,1,7,0,78,3,0,96,79,89,0,99,20,18,53,1,0,42,0,0,1,0,0,7,0,60,3,0,99,52,0,0,91,29,19,53,3,0,10,0,0,0,0,0,7,0,76,3
14,26,LUTE,0,99,0,0,0,83,26,0,38,1,0,39,0,0,0,70,6,9,0,87,4,0,99,0,0,0,99,34,26,71,2,0,0,0,0,1,0,2,4,0,76,4,0,99,0,0,0,83,29,0,38,1,0,15,0,0,1,0,6,1,0,99,4,0,99,0,0,0,99,34,26,71,2,0,15,0,0,1,0,4,14,0,60,4,0,99,0,0,0,99,33,26,71,4,0,15,0,0,1,0,3,14,0,83,0,0,99,0,0,0,96,70,26,48,6,0,15,0,0,1,0,2,0,0,77,0
8,27,BANJO,0,99,60,0,0,95,62,28,58,1,0,36,3,57,0,14,0,7,0,99,7,0,99,0,0,0,99,20,0,0,1,6,41,0,0,0,0,0,7,0,80,7,0,99,99,0,0,98,36,44,56,1,0,0,0,0,0,0,0,9,0,91,3,0,99,95,0,0,99,30,20,54,5,0,0,0,0,0,0,0,5,0,78,3,0,99,98,0,0,99,77,26,48,1,0,0,0,0,0,0,0,10,0,75,4,0,99,77,0,0,99,85,43,71,15,0,0,0,0,0,0,0,7,0,87,6
15,28,CLAS.GUIT,0,0,99,0,0,50,78,56,40,6,0,15,1,0,2,0,6,14,0,99,7,0,99,99,0,0,99,78,31,40,2,0,15,1,0,2,0,0,7,0,71,7,0,99,91,0,0,80,14,13,40,1,0,15,1,0,2,0,3,7,0,99,7,0,99,97,0,0,55,69,10,47,1,0,25,1,0,2,41,1,6,0,85,5,0,99,81,0,0,53,34,27,39,7,0,15,1,0,2,21,4,8,0,65,4,0,99,85,0,0,78,48,38,31,9,0,15,1,0,2,0,2,8,0,56,3
3,29,HARP    2,0,99,70,0,0,95,32,45,31,1,0,60,0,0,0,0,5,12,0,99,3,0,99,70,0,0,95,46,99,12,2,0,52,3,8,0,0,3,5,0,79,3,0,99,70,0,0,95,50,44,10,2,0,58,0,0,0,37,0,1,0,70,3,0,99,70,0,0,95,32,49,33,1,0,0,0,0,0,0,5,3,0,99,3,0,99,70,0,0,95,35,99,28,3,0,52,3,0,0,35,4,11,0,79,4,0,94,79,0,0,95,48,28,24,3,0,60,1,54,0,0,3,8,0,89,7
17,30,E.BASS  2,0,99,89,0,0,84,29,28,76,1,0,46,3,3,0,32,0,7,0,99,4,0,99,89,0,0,80,39,28,54,0,0,0,0,0,0,0,2,7,0,72,4,0,99,89,0,0,84,29,28,76,3,0,36,0,0,0,0,1,7,0,60,4,0,96,76,0,0,94,68,24,55,0,0,0,0,0,0,0,2,7,0,97,1,0,99,99,35,0,99,99,0,0,0,0,41,0,0,0,0,5,7,0,63,0,0,96,78,0,0,94,40,24,55,3,84,0,0,0,0,0,7,7,0,82,1
17,31,FRETLESS 2,0,99,70,0,0,75,37,18,63,0,1,48,0,0,0,32,2,7,0,99,3,0,99,0,0,0,28,37,42,50,0,3,41,0,0,0,35,2,7,0,80,1,0,97,78,0,0,73,25,32,30,3,0,0,0,0,0,0,4,14,0,66,3,0,93,57,0,0,80,39,28,53,0,0,0,0,0,0,0,2,7,0,99,3,0,99,74,0,0,99,51,0,0,1,1,34,0,0,0,32,2,7,0,75,4,0,96,97,0,0,25,50,24,55,0,0,0,0,0,0,0,7,8,0,87,3
17,32,PLUCK BASS,0,99,89,0,0,84,29,28,76,0,0,46,3,97,0,32,0,7,0,99,4,0,99,89,0,0,80,39,28,54,0,0,0,0,0,0,0,2,7,0,76,4,0,99,89,0,0,84,29,28,76,1,0,36,0,0,0,64,1,7,0,60,4,0,96,76,0,0,94,68,24,55,0,0,0,0,0,0,0,2,7,0,97,1,0,99,0,0,0,99,0,0,0,0,0,41,0,0,0,0,2,7,0,51,0,0,96,78,0,0,94,56,24,55,4,0,0,0,0,0,0,5,7,0,82,1
5,1,PICCOLO,0,99,99,92,0,68,73,28,68,1,0,39,0,0,0,0,0,7,0,93,0,0,96,64,64,0,99,53,21,98,2,1,39,0,0,0,0,0,7,0,33,0,0,99,99,92,0,68,73,28,68,1,1,39,0,0,0,0,0,8,0,94,0,0,96,64,64,0,99,53,21,98,1,1,39,0,0,0,0,0,9,0,51,0,0,99,99,94,0,68,73,52,68,1,0,39,0,0,0,0,0,8,0,94,0,0,80,64,64,0,99,78,75,98,5,11,39,0,0,0,0,7,7,0,44,0
18,2,FLUTE   2,0,99,99,90,0,60,99,0,66,1,0,32,0,0,0,0,3,8,0,99,1,2,99,96,89,0,95,95,0,0,1,0,32,0,0,0,0,7,6,0,72,3,0,93,90,0,0,98,87,0,0,1,0,32,0,0,0,21,2,7,0,89,3,1,99,90,0,0,95,92,28,60,1,0,48,0,0,0,60,0,7,0,67,6,0,99,65,60,0,50,70,97,0,3,0,32,0,0,0,0,0,5,0,64,1,0,99,99,97,0,73,70,60,0,17,0,32,0,0,0,21,0,7,0,47,3
3,3,OBOE,0,95,95,85,0,60,40,20,70,4,0,51,0,0,0,0,2,7,0,99,3,0,99,99,90,0,63,99,0,70,1,0,51,0,0,0,0,0,7,0,76,1,0,99,90,80,0,97,80,80,70,8,0,51,0,0,0,0,0,7,0,75,1,0,99,99,95,0,50,45,27,70,8,0,51,0,0,0,0,2,7,0,75,3,0,99,99,90,0,0,99,0,70,1,0,51,0,0,0,0,0,7,0,75,1,0,99,99,90,0,63,99,0,70,1,0,51,0,0,0,0,0,7,0,79,1
17,4,CLARINET,0,99,99,90,0,65,99,0,70,1,0,32,0,0,0,0,4,8,0,99,1,0,99,96,89,0,95,95,0,0,2,0,32,0,0,0,0,1,6,0,68,3,0,87,86,0,0,98,87,0,0,4,0,32,0,0,0,21,2,7,0,92,3,1,99,90,0,0,95,92,28,60,6,0,48,0,0,0,60,0,7,0,59,6,0,99,65,60,0,85,70,97,0,8,0,32,0,0,0,0,0,5,0,54,1,0,99,99,97,0,73,70,60,0,10,0,32,0,0,0,21,0,7,0,47,3
2,5,BASSOON,0,99,95,85,0,60,45,27,70,2,0,17,0,0,0,21,3,7,0,99,3,0,99,99,90,0,55,99,0,70,0,0,51,0,0,0,0,0,7,0,78,1,0,99,95,85,0,60,45,27,70,2,0,17,0,0,0,0,1,7,0,99,3,0,99,99,90,0,55,99,0,70,0,0,51,0,0,0,0,1,7,0,72,1,0,99,90,70,0,97,80,80,70,5,0,28,0,0,0,0,0,7,0,79,1,0,99,95,85,0,55,45,27,70,6,4,40,3,10,0,62,0,7,0,66,3
3,6,PAN FLUTE,0,99,99,80,0,67,41,28,75,2,0,51,0,0,0,0,0,7,0,97,3,0,60,70,0,0,99,72,31,17,8,0,48,0,0,0,67,0,7,0,75,7,0,60,70,0,0,57,72,31,17,7,1,48,0,0,0,0,4,7,0,98,7,0,99,99,80,0,67,41,28,75,2,0,51,0,0,0,0,0,7,0,90,0,0,60,70,0,0,99,72,31,17,8,0,48,0,0,0,67,0,7,0,94,7,0,60,70,0,0,57,72,31,17,2,75,48,0,0,0,0,0,7,0,88,7
18,7,LEAD BRASS,0,99,95,53,0,70,24,19,55,1,0,0,0,0,0,0,4,7,0,99,2,0,85,0,0,0,99,12,22,50,2,5,68,0,0,1,96,7,7,0,45,2,0,99,95,95,0,41,12,22,50,1,0,0,0,0,0,0,0,7,0,80,5,0,99,61,61,0,66,76,22,50,1,0,63,0,0,0,0,4,7,0,74,5,0,99,61,61,0,48,12,22,50,6,4,0,0,0,0,0,0,6,0,50,5,0,99,0,0,0,42,56,20,70,7,21,0,0,0,0,0,3,7,0,99,7
18,8,HORNS,0,99,86,86,0,55,24,19,55,1,0,0,0,0,0,0,3,7,0,99,2,0,85,0,0,0,37,34,15,70,1,0,0,0,0,0,0,2,7,0,70,2,0,99,86,86,0,39,35,22,50,1,0,0,0,0,0,0,1,7,0,77,1,0,53,61,62,0,66,92,22,50,1,0,0,0,0,0,0,2,7,0,79,0,0,98,61,62,127,48,55,22,50,3,4,0,0,0,0,0,1,6,0,70,0,0,99,0,0,0,77,56,20,70,7,21,0,0,0,0,0,2,7,0,79,7
8,9,SOLO TBONE,0,99,86,86,0,68,24,19,55,1,0,0,0,0,0,0,2,7,0,0,2,0,99,90,80,0,36,36,21,60,1,0,0,0,0,0,0,1,7,0,81,2,0,99,86,86,0,68,24,19,55,1,0,0,0,0,0,0,1,7,0,99,2,0,99,90,80,0,36,36,21,60,1,0,0,0,0,0,0,1,7,0,77,2,0,53,61,62,0,66,92,22,50,1,0,39,1,0,3,0,1,7,0,86,0,0,99,62,62,0,49,54,22,50,3,5,0,0,0,0,0,1,7,0,70,0
22,10,BRASS BC,3,99,95,95,0,68,20,20,70,1,0,0,0,0,0,0,1,7,0,50,2,3,99,90,80,0,60,15,15,70,1,0,0,0,0,0,0,1,7,0,89,2,3,99,96,95,0,68,20,20,70,1,0,0,0,0,0,0,1,7,0,99,2,3,99,95,95,0,68,20,20,70,1,0,0,0,0,0,0,1,7,0,97,2,3,99,95,95,0,68,20,20,70,1,0,0,0,0,0,0,1,7,0,99,2,2,99,98,97,0,60,61,19,70,1,0,0,0,0,0,0,1,7,0,81,1
2,11,BRASS 5THS,0,99,97,95,0,62,70,20,54,1,0,0,0,0,0,0,1,7,0,99,2,0,98,95,95,0,53,46,60,53,1,0,54,0,0,0,0,1,0,0,82,1,0,99,92,84,0,62,70,20,54,1,50,0,0,0,0,0,0,11,0,98,2,0,98,80,85,0,53,13,60,53,1,50,54,0,0,0,0,1,5,0,84,1,0,98,80,85,0,53,13,60,53,1,50,54,0,0,0,0,0,7,0,57,1,0,98,80,85,0,53,13,60,53,1,50,54,0,0,0,0,0,9,0,92,1
22,12,SYNTHBRASS,0,99,98,80,0,99,39,32,71,0,0,51,3,0,3,38,0,14,0,99,0,0,99,98,80,0,99,39,32,71,0,0,51,3,0,3,38,0,14,0,84,0,0,99,98,81,0,99,39,32,71,0,0,39,3,0,3,0,0,4,0,99,0,0,99,98,81,0,99,39,32,71,0,0,39,3,0,3,0,0,5,0,99,0,0,99,98,81,0,99,39,32,71,0,0,39,3,0,3,0,0,8,0,99,0,0,99,98,88,0,99,39,32,71,0,0,51,3,0,3,0,0,7,0,80,0
2,13,STRG QRT 1,0,99,85,70,0,45,24,20,41,1,0,0,0,0,0,0,3,7,0,99,2,0,82,92,62,0,75,71,17,53,1,0,54,0,0,0,0,0,7,0,83,1,0,99,85,82,0,42,33,20,54,1,0,25,0,0,0,97,7,7,0,86,2,0,99,92,86,0,96,19,20,54,1,0,0,0,0,0,0,2,7,0,77,2,0,86,92,86,0,53,19,20,54,3,0,0,0,0,0,0,2,7,0,84,2,0,99,92,86,0,53,19,20,54,14,0,0,0,0,0,0,2,7,0,53,2
9,14,STRG ENS 2,0,98,98,36,0,48,56,10,52,2,0,98,0,0,0,0,2,7,0,98,0,0,99,92,28,0,81,13,7,25,2,0,0,0,0,0,0,1,1,0,77,0,0,99,92,0,0,51,15,10,55,2,0,0,0,0,0,0,1,14,0,99,0,0,98,98,36,0,49,74,10,32,2,0,98,0,0,0,0,2,9,0,78,0,0,99,92,0,0,76,73,10,28,2,0,0,0,0,0,0,4,5,0,71,0,0,99,92,0,0,72,76,10,32,8,0,0,0,0,0,0,3,7,0,70,0
15,15,VIOLA SECN,0,99,98,36,0,32,56,10,47,2,0,39,3,99,3,0,2,7,0,98,0,0,93,56,28,0,77,7,7,29,2,1,68,2,0,0,99,0,0,0,79,0,0,99,92,92,0,51,15,10,47,2,0,56,3,91,0,0,1,14,0,99,0,0,98,98,98,0,49,74,10,32,2,0,41,2,56,0,0,2,9,0,72,0,0,99,92,0,0,76,73,10,28,2,0,0,0,0,0,0,4,5,0,71,0,0,99,92,0,0,72,76,10,32,8,0,0,0,0,0,0,3,7,0,75,0
2,16,STRGS LOW,0,98,98,36,0,51,56,10,51,2,0,98,0,0,0,0,0,7,0,92,0,0,99,92,28,0,50,13,7,27,2,0,0,0,0,0,0,0,1,0,74,0,0,99,92,0,0,45,15,10,55,2,0,0,0,0,0,0,0,13,0,92,0,0,98,98,36,0,51,56,10,51,2,0,98,0,0,0,0,0,7,0,76,0,0,99,92,0,0,53,15,10,55,2,0,0,0,0,0,0,0,7,0,66,0,0,99,92,0,0,53,15,10,55,6,0,0,0,0,0,0,0,7,0,62,0
2,17,HIGH STRGS,0,98,98,36,0,51,56,10,51,2,0,98,0,0,0,0,0,7,0,92,0,0,99,92,28,0,50,13,7,27,2,0,0,0,0,0,0,0,1,0,74,0,0,99,92,0,0,45,15,10,55,2,0,0,0,0,0,0,0,13,0,92,0,0,98,98,36,0,51,56,10,51,2,0,98,0,0,0,0,0,7,0,76,0,0,99,92,0,0,53,15,10,55,2,0,0,0,0,0,0,0,7,0,66,0,0,99,92,0,0,53,15,10,55,6,0,0,0,0,0,0,0,7,0,62,0
2,18,PIZZ STGS,0,99,0,0,0,99,57,20,41,1,0,0,0,0,0,0,3,7,0,99,3,0,98,0,0,0,98,48,17,50,1,0,54,3,0,0,0,3,7,0,73,0,0,99,0,0,0,86,57,20,41,1,0,32,3,99,0,25,2,7,0,99,4,0,99,92,86,0,96,19,20,54,1,0,0,0,0,0,0,7,7,0,66,4,0,86,92,86,0,53,19,20,54,1,0,0,0,0,0,0,7,7,0,70,6,0,99,92,86,0,53,19,20,54,1,0,0,0,0,0,0,7,7,0,44,7
2,19,STG CRSNDO,0,99,92,0,0,27,15,10,46,1,0,0,0,0,0,0,0,6,0,87,0,0,99,92,0,0,84,15,10,46,1,0,0,0,0,0,0,0,14,0,75,0,0,99,92,0,0,28,15,10,46,1,0,62,0,0,0,99,0,14,0,92,0,0,99,92,0,0,43,15,10,46,1,0,0,0,0,0,0,0,7,0,71,0,0,99,92,0,0,43,15,10,46,2,0,0,0,0,0,0,0,7,0,66,0,0,99,92,0,0,43,15,10,46,4,0,0,0,0,0,0,0,7,0,62,0
15,20,STGS 5THS,0,99,87,89,0,56,33,40,47,1,50,0,0,0,0,0,0,10,0,99,0,0,99,99,99,0,79,68,62,40,1,51,36,1,99,1,47,1,5,0,78,2,0,99,87,89,0,56,33,40,47,1,0,0,0,0,0,0,1,11,0,98,0,0,99,99,99,0,79,68,62,40,1,1,41,1,87,1,81,1,3,0,72,2,0,87,87,93,0,46,60,40,40,1,0,0,0,0,0,0,0,13,0,83,0,0,98,1,78,0,94,31,98,20,3,0,35,0,10,0,0,1,3,0,75,1
27,21,BELLS,0,99,25,0,0,94,28,99,29,0,0,28,0,12,3,0,2,7,0,99,0,0,99,25,0,0,94,28,99,29,1,18,28,0,12,3,0,0,7,0,93,0,0,99,25,0,0,94,28,99,29,3,5,28,0,12,3,0,0,7,0,81,0,0,99,25,0,0,94,28,15,25,1,18,28,0,12,3,0,0,0,0,79,0,0,99,25,0,0,94,28,99,21,0,0,28,0,12,3,12,0,14,0,48,2,0,99,25,0,0,94,28,99,23,3,5,28,0,12,3,0,0,8,0,74,0
5,22,TUB BELLS,0,99,0,32,0,95,33,71,25,1,0,0,0,0,0,0,0,9,0,95,2,0,99,0,32,0,98,12,71,28,2,75,0,0,0,0,0,0,10,0,78,2,0,99,0,32,0,95,33,71,25,1,0,0,0,0,0,0,0,2,0,99,2,0,99,0,32,0,98,12,71,28,2,75,0,0,0,0,0,0,5,0,75,2,0,99,0,0,0,76,78,71,70,2,51,0,0,0,0,0,5,7,1,99,2,0,99,0,0,0,98,91,0,28,2,0,0,0,0,0,0,0,0,0,85,2
6,23,RECORDERS,0,99,99,90,0,51,99,0,70,1,0,51,0,0,0,0,2,7,0,99,1,0,99,96,79,0,67,95,70,0,2,0,48,0,0,0,67,1,0,0,90,1,0,99,99,90,0,50,99,0,70,1,1,51,0,0,0,0,5,7,0,99,1,0,99,96,79,0,62,95,70,0,2,0,48,0,0,0,30,0,14,0,90,1,0,99,99,90,0,48,99,0,70,1,0,51,0,0,0,0,0,7,0,85,1,0,99,96,75,0,78,95,70,0,2,0,55,0,0,0,75,0,7,0,89,1
6,24,CHIMES,0,99,90,80,0,97,20,20,26,4,0,0,0,0,0,0,0,7,0,75,2,0,99,90,80,0,97,20,20,34,8,0,0,0,0,0,0,1,7,0,81,2,0,0,90,80,0,17,99,20,26,3,0,0,0,0,0,0,1,4,0,81,2,0,99,90,80,0,97,20,20,34,6,0,0,0,0,0,0,0,7,0,67,2,0,0,90,80,0,26,99,20,33,2,25,0,0,0,0,0,2,10,0,84,2,0,99,90,80,0,97,20,20,34,5,0,0,0,0,0,0,2,7,0,66,2
5,25,VOICES,0,99,94,97,0,31,20,53,57,1,0,0,0,0,0,0,0,0,0,99,0,2,46,56,71,46,19,26,53,25,2,0,0,0,0,0,0,3,7,0,54,0,0,99,94,97,0,31,20,53,39,1,0,0,0,0,0,0,3,14,0,99,0,0,48,58,20,9,10,19,41,12,1,2,0,0,0,0,0,3,10,0,92,0,0,99,90,85,0,31,21,36,63,2,1,0,0,0,0,0,1,6,0,99,0,0,53,47,41,0,14,72,48,17,2,2,0,0,0,0,0,2,8,0,84,0
7,26,XYLOPHONE,0,99,92,0,0,95,43,49,53,0,0,0,0,0,0,0,5,7,0,99,2,0,82,48,0,0,99,71,0,0,3,0,54,0,0,0,46,2,7,0,99,0,0,99,92,0,0,95,50,49,41,0,0,0,0,0,0,0,6,7,0,99,3,0,82,48,0,0,99,73,0,14,3,0,54,0,0,0,46,2,7,0,94,0,0,96,78,0,0,99,86,55,0,0,0,41,0,0,0,0,2,7,0,79,0,0,78,78,0,0,0,81,55,0,4,0,41,0,0,0,0,5,7,0,75,0
6,27,COWBELL,0,99,90,0,0,96,45,50,50,1,0,0,0,0,0,0,1,7,0,99,2,0,78,75,0,0,96,80,50,33,7,0,0,0,0,0,0,0,7,0,99,3,0,99,0,0,0,96,65,65,50,2,72,0,0,0,0,0,0,7,1,99,3,0,99,96,97,0,96,98,44,33,4,0,0,0,0,0,6,0,7,0,80,4,0,99,90,0,0,96,76,50,46,1,0,0,0,0,0,0,0,7,0,99,4,0,99,96,89,0,96,66,99,33,8,0,0,0,0,0,6,0,7,0,74,1
18,28,WOOD BLOCK,0,99,90,0,0,96,34,44,66,1,0,0,0,0,0,0,3,7,0,97,6,0,60,90,0,0,96,93,65,66,5,0,50,0,0,0,23,1,7,0,79,5,0,99,90,0,0,96,93,80,66,5,0,0,0,0,0,0,3,7,0,70,2,0,99,90,0,0,96,83,67,66,5,0,0,0,0,0,0,0,7,0,65,2,0,99,90,0,0,96,93,49,66,5,0,0,0,0,0,0,2,7,0,55,2,0,99,90,0,0,96,83,49,66,17,0,0,0,0,0,0,3,7,0,79,2
7,29,FLEXATONE,0,99,0,0,0,99,57,99,40,3,0,0,0,0,0,0,4,7,0,99,0,0,99,0,0,0,99,50,0,0,5,0,0,0,0,0,0,0,7,0,71,0,0,99,0,0,0,98,35,38,33,2,0,15,0,0,1,0,1,7,0,99,2,0,99,0,0,0,99,34,38,30,7,0,15,0,0,1,0,0,7,0,50,2,0,99,0,0,0,85,67,96,27,20,2,15,0,0,1,0,0,8,0,68,1,0,99,0,0,0,99,79,92,25,15,8,15,0,0,1,96,0,8,0,86,3
14,30,LOG DRUM,0,99,0,0,0,88,47,46,46,0,0,0,0,0,0,0,0,7,0,99,3,0,99,0,0,0,99,77,42,35,0,0,0,0,0,0,0,0,7,0,99,0,0,99,27,0,0,83,20,50,41,0,0,15,0,0,1,0,0,7,0,99,3,0,96,27,0,0,90,58,50,41,1,2,15,0,0,1,0,0,10,0,98,6,0,87,27,0,0,74,87,50,41,1,4,15,0,0,1,0,0,6,0,98,7,0,99,97,68,0,56,77,50,41,2,2,15,0,0,1,0,0,8,0,10,7
7,31,GLOKENSPL,0,99,92,0,0,95,47,30,47,1,0,0,0,0,0,0,1,7,0,99,3,0,80,75,67,0,99,46,35,0,8,0,54,0,0,0,0,2,7,0,82,4,0,99,81,0,0,95,60,49,38,1,0,34,0,0,0,0,7,7,0,99,4,0,82,48,0,0,99,71,0,97,8,0,48,0,74,0,46,5,7,0,97,0,0,99,0,0,0,99,69,0,96,4,0,68,0,97,0,0,5,7,0,69,0,0,96,78,0,0,94,56,24,55,16,0,0,0,0,0,0,5,7,0,72,1
23,32,VIBE,0,99,25,0,0,99,28,99,50,4,0,39,0,12,3,12,7,7,0,56,2,0,99,90,0,0,80,85,24,50,1,0,39,0,4,3,12,3,7,0,99,2,0,99,74,0,0,80,85,43,50,3,0,39,0,12,3,12,4,7,0,78,4,0,99,90,0,0,80,85,24,50,1,0,9,1,0,1,0,3,13,0,99,3,0,99,90,42,0,80,85,24,50,1,0,9,1,0,1,0,5,14,0,99,3,0,99,32,0,0,99,48,99,50,14,0,39,0,12,3,12,7,7,0,62,5
9,1,CLAV-E.PNO,0,99,93,0,0,73,35,25,61,1,0,0,0,0,0,0,2,8,0,99,3,0,99,94,0,0,76,64,37,61,10,4,0,0,0,0,0,3,11,0,70,5,0,99,93,0,0,73,35,25,61,1,0,0,0,0,0,0,1,6,0,99,3,0,99,93,0,0,73,35,25,61,1,0,0,0,0,0,0,7,11,0,84,3,0,88,44,25,0,85,38,75,61,9,0,0,0,0,0,0,7,7,0,67,2,0,88,44,25,0,85,38,75,61,14,0,0,0,0,0,0,7,4,0,98,6
22,2,PERC BRASS,0,99,99,99,0,99,99,99,99,1,0,0,0,0,0,0,0,7,0,99,0,3,99,99,99,0,99,53,99,99,3,0,0,0,0,0,0,0,10,0,92,0,0,99,99,99,0,99,99,99,93,1,0,0,0,0,0,0,0,7,0,98,4,0,99,99,99,0,99,99,99,93,1,0,0,0,0,0,0,0,7,0,99,4,0,99,99,99,0,99,99,99,93,1,0,0,0,0,0,0,0,7,0,98,4,0,99,79,82,0,99,50,99,93,1,0,0,0,0,0,0,0,9,0,89,4
3,3,PRC SYNTH2,0,99,88,96,0,99,76,99,99,1,0,39,3,0,3,0,0,7,0,99,0,0,99,72,72,0,97,38,25,47,1,0,39,3,0,3,0,0,7,0,82,0,0,99,71,64,0,99,39,25,98,1,0,39,3,0,3,0,0,7,0,83,0,0,99,88,96,0,99,76,99,99,1,0,39,3,0,3,0,0,14,0,99,0,0,99,71,64,0,99,39,25,71,1,0,39,3,0,3,0,0,14,0,78,0,0,99,72,72,0,61,38,25,77,1,0,39,3,0,3,0,0,14,0,79,0
5,4,HARPSI-STG,0,99,90,0,0,95,28,27,47,4,0,49,0,0,0,0,2,7,0,89,3,0,99,97,91,98,95,72,71,99,0,0,49,0,0,0,0,0,7,0,99,1,0,99,90,0,0,95,28,27,47,1,0,49,0,0,0,0,2,6,0,85,3,0,99,97,91,98,95,72,71,99,3,0,64,0,0,0,46,0,7,0,99,1,1,99,99,99,0,22,42,71,34,0,0,49,0,0,0,0,3,7,0,96,3,1,99,99,99,0,99,99,99,30,0,0,64,0,0,0,55,0,0,0,91,1
5,5,CHIME-STRG,0,99,99,99,0,37,42,71,34,1,0,15,0,0,1,0,0,12,0,99,3,0,99,99,99,0,99,99,99,30,0,0,15,0,0,1,0,0,12,0,85,7,0,99,99,0,0,99,99,36,35,2,0,15,0,0,1,0,0,7,0,97,3,0,0,70,0,0,99,72,31,17,13,0,15,0,0,1,0,0,7,0,70,7,0,99,99,99,0,37,42,71,34,0,0,15,0,0,1,0,0,14,0,99,3,0,99,99,99,0,99,99,99,30,0,0,15,0,0,1,0,0,0,0,74,7
3,6,HARP-FLUTE,0,99,70,0,0,95,35,30,33,1,0,0,0,0,0,0,3,14,0,99,3,0,99,70,0,0,95,42,99,28,2,0,0,0,0,0,0,2,7,0,66,3,0,99,49,0,0,95,50,99,35,3,0,0,0,0,0,0,3,7,0,88,3,0,99,98,96,0,36,17,50,55,1,0,0,0,0,0,0,1,0,0,93,3,0,99,98,96,0,40,17,50,55,1,0,50,0,0,0,47,0,7,0,77,3,1,99,37,20,0,97,81,50,55,9,0,0,0,0,0,0,0,7,0,99,3
5,7,BELL-FLUTE,0,99,58,0,0,54,28,39,46,1,0,0,0,0,0,0,0,0,0,99,0,0,73,95,73,0,46,39,25,38,1,0,0,0,0,0,0,0,9,0,73,0,0,0,99,0,0,27,99,37,45,1,0,0,0,0,0,0,3,14,0,97,1,0,92,58,0,0,85,21,25,45,6,0,0,0,0,0,0,0,5,0,76,0,0,0,98,0,0,23,99,37,45,1,0,0,0,0,0,0,3,7,0,92,1,0,99,58,0,0,85,21,25,45,8,0,0,0,0,0,0,0,11,0,76,0
2,8,STRG-CHIME,0,99,99,80,0,40,20,20,47,1,0,36,1,0,0,99,1,7,0,99,2,0,99,98,98,0,97,15,15,43,1,0,34,0,0,0,0,0,7,0,75,2,0,99,90,0,0,99,64,20,34,2,0,44,0,97,0,0,3,7,0,99,2,0,99,90,0,0,99,64,20,34,5,0,44,0,97,0,0,0,7,0,70,2,0,99,90,0,0,99,64,20,34,7,0,44,0,97,0,0,2,7,0,63,2,0,99,90,0,0,99,64,20,34,12,0,44,0,97,0,0,3,7,0,81,2
15,9,STRG-MARIM,0,99,0,0,0,98,47,0,43,2,0,39,3,99,3,0,6,7,0,98,0,0,90,46,49,0,99,55,99,29,16,0,68,2,0,0,99,4,0,0,83,0,0,99,92,92,0,51,15,10,47,2,0,56,3,91,0,0,1,14,0,99,0,0,98,98,98,0,49,74,10,32,2,0,41,2,56,0,0,2,1,0,72,0,0,99,92,0,0,76,73,10,28,2,0,0,0,0,0,0,4,14,0,71,0,0,99,92,0,0,72,76,10,32,8,0,0,0,0,0,0,3,2,0,75,0
15,10,STRG-PIZZT,0,98,0,0,0,98,53,0,62,2,0,39,3,99,3,0,7,7,0,98,0,0,81,46,49,0,99,62,99,76,2,0,68,2,0,0,99,4,0,0,98,0,0,99,92,92,0,51,15,10,47,2,0,56,3,91,0,0,1,14,0,53,0,0,98,98,98,0,49,74,10,32,2,0,41,2,56,0,0,2,1,0,72,0,0,99,92,0,0,76,73,10,28,2,0,0,0,0,0,0,4,14,0,71,0,0,99,92,0,0,72,76,10,32,8,0,0,0,0,0,0,3,2,0,75,0
2,11,ORCHESTRA,0,98,98,36,0,80,56,10,45,1,0,98,0,0,0,0,0,7,0,99,0,0,99,93,90,0,53,46,32,61,1,0,0,0,0,0,0,0,1,0,83,0,0,99,92,0,0,54,15,10,47,2,0,0,0,0,0,0,0,13,0,96,0,0,98,98,36,0,56,74,10,45,2,0,98,0,0,0,0,0,7,0,72,0,0,99,92,0,0,76,73,10,55,2,0,0,0,0,0,0,0,7,0,80,0,0,99,92,0,0,72,76,10,32,2,0,0,0,0,0,0,0,7,0,82,0
7,12,LEAD GUITR,0,96,99,85,0,25,46,0,99,2,0,15,0,0,1,0,0,7,0,99,0,0,96,99,85,0,25,46,0,67,5,0,15,0,0,1,6,0,7,0,74,0,0,99,78,0,0,99,18,9,61,1,0,0,0,0,1,0,0,7,0,99,0,0,99,99,0,0,99,99,0,61,1,0,0,0,0,1,15,0,7,0,86,0,0,99,99,0,0,98,99,0,61,6,0,0,0,0,1,12,4,3,0,78,0,0,99,99,0,0,99,99,0,47,7,0,99,3,0,0,8,0,7,0,78,0
4,13,PIANO-BRS,0,99,89,0,0,88,28,27,50,1,0,49,0,0,0,0,4,7,0,99,2,0,99,67,91,90,88,92,71,63,1,0,39,0,0,0,13,1,7,0,88,2,0,99,90,0,0,95,28,27,47,5,0,5,0,0,1,99,3,9,0,79,2,0,99,99,99,0,70,24,19,55,1,0,7,0,0,0,0,7,7,0,99,1,0,99,73,73,0,41,13,22,50,1,0,49,0,0,0,0,4,9,0,70,1,0,99,72,72,0,41,12,22,50,1,0,5,0,0,1,0,4,7,0,70,1
22,14,BRS-CHIME,0,99,90,80,0,97,20,20,37,4,0,0,0,0,0,0,0,7,0,90,2,0,99,90,80,0,97,20,20,34,8,0,0,0,0,0,0,1,7,0,82,2,0,99,90,80,0,68,20,20,79,1,0,0,0,0,0,0,1,7,0,99,2,0,99,90,80,0,68,20,20,70,1,0,0,0,0,0,0,0,7,0,97,2,0,99,90,80,0,68,20,20,70,1,0,0,0,0,0,0,2,7,0,99,2,0,99,90,80,0,60,15,15,70,1,0,0,0,0,0,0,2,7,0,80,2
3,15,B.DRM-SNAR,0,99,0,0,0,90,50,33,62,13,91,51,3,99,0,99,0,7,1,99,3,0,99,0,0,0,95,57,0,0,1,0,41,0,0,1,0,0,10,1,98,0,0,99,90,0,0,99,80,35,57,16,83,48,0,0,1,0,1,4,1,94,0,0,99,80,0,0,95,50,42,45,10,20,56,0,99,3,99,3,7,1,99,3,0,99,89,0,0,99,78,60,50,0,0,80,3,0,1,0,1,7,0,90,0,0,99,99,99,0,99,99,99,0,27,57,32,0,0,2,0,0,7,1,99,0
5,16,E.P-BRS BC,0,99,75,0,0,96,23,25,54,1,0,0,0,0,0,0,2,7,0,95,3,0,99,99,75,0,95,99,0,54,1,0,0,0,0,0,0,3,7,0,76,3,0,99,80,0,0,95,27,20,54,1,0,36,0,36,0,0,2,14,0,94,3,0,99,81,0,0,97,41,13,54,14,0,0,0,0,0,0,4,7,0,42,3,3,99,99,99,0,72,78,20,57,1,0,0,0,0,0,0,0,7,0,99,3,2,99,99,98,0,90,52,25,54,1,0,7,0,0,0,0,0,7,0,78,2
31,17,ORG-BRS BC,0,99,99,99,0,96,25,25,99,1,0,0,0,0,0,0,2,7,0,95,3,0,99,99,99,0,96,25,25,99,2,0,0,0,0,0,0,2,7,0,74,3,0,99,99,99,0,96,25,25,89,3,0,0,0,0,0,0,3,7,0,94,3,0,99,99,53,0,96,99,45,98,14,0,0,0,0,0,0,4,7,0,80,3,3,99,99,99,0,72,78,20,57,2,0,0,0,0,0,0,0,7,0,99,3,2,99,99,98,0,90,52,25,54,2,0,7,0,0,0,0,0,7,0,78,2
9,18,CLV-BRS BC,3,99,99,99,0,98,72,75,61,1,0,15,0,0,1,0,0,7,0,99,0,3,99,96,99,0,59,26,13,61,1,0,0,0,0,1,0,0,7,0,78,0,0,99,89,98,0,98,72,75,61,0,0,15,0,0,1,0,0,6,0,95,0,0,88,44,25,0,99,38,75,61,0,0,0,0,0,1,11,0,11,0,95,0,0,88,44,25,0,85,38,75,61,1,0,15,0,0,1,33,0,7,0,79,0,0,88,44,25,0,85,46,75,61,10,0,15,0,0,1,1,0,4,0,73,0
25,19,WHISTLES,0,65,79,99,0,45,61,65,66,2,0,39,0,0,0,0,0,7,0,99,0,0,65,0,99,0,45,87,65,67,2,0,39,0,0,0,0,0,7,0,99,0,0,98,0,0,0,44,70,99,82,2,0,39,0,0,0,0,0,0,0,99,0,0,99,18,17,0,99,64,23,32,1,1,39,2,4,0,14,0,13,0,0,2,3,99,18,17,0,99,22,23,32,0,1,39,2,10,0,14,2,11,0,0,2,0,99,18,17,0,99,22,23,32,0,0,39,2,4,0,14,3,9,0,0,2
17,20,FILTER SWP,0,99,99,17,0,28,99,20,35,0,0,0,0,0,0,0,1,7,0,99,0,0,99,99,0,0,18,99,20,99,2,0,0,0,0,0,0,2,7,0,90,0,0,99,99,0,0,10,99,20,41,0,1,0,0,0,0,0,1,7,0,93,0,0,99,99,0,0,26,71,20,39,2,0,0,0,0,1,0,2,7,0,93,0,0,99,99,0,0,11,30,25,28,5,0,10,0,0,1,0,2,7,0,92,0,0,99,99,58,0,57,32,77,30,0,0,10,0,0,1,0,2,7,0,99,0
2,21,FUNKY RISE,0,99,95,90,0,80,32,18,66,1,0,0,0,0,0,0,2,7,0,99,7,2,99,85,80,0,80,7,21,30,1,0,0,0,0,1,0,2,7,0,99,7,0,99,95,70,0,95,17,17,66,1,0,0,0,0,0,0,2,10,0,99,7,2,99,85,96,0,95,16,15,30,0,0,0,0,0,1,0,7,11,0,96,7,3,99,87,79,0,94,17,15,40,12,0,10,0,0,1,50,1,7,0,80,7,3,77,51,88,0,93,16,17,30,12,0,10,0,0,1,0,1,10,0,70,7
1,22,WILD BOAR,0,99,0,17,0,45,99,99,99,0,55,39,0,0,0,99,0,7,0,99,0,0,99,99,99,0,99,99,99,99,0,6,39,0,0,0,14,0,7,0,99,0,0,99,72,89,0,48,63,54,62,0,0,68,0,0,0,31,0,7,0,99,3,0,99,72,89,0,64,63,54,58,0,1,64,0,0,0,16,0,7,0,99,3,0,99,99,98,5,59,40,36,44,0,0,35,0,0,0,52,0,8,0,89,3,0,99,99,98,5,36,40,36,44,0,0,39,0,0,0,5,0,8,0,83,3
5,23,SHIMMER,0,99,80,57,0,90,35,0,54,0,91,0,0,0,0,0,1,7,0,99,2,0,99,86,0,0,90,29,0,54,0,90,0,0,0,0,0,0,7,0,70,2,0,99,80,0,0,90,30,0,54,0,91,0,0,0,0,0,2,7,0,97,2,0,99,80,0,0,90,73,0,54,15,0,0,0,0,0,0,0,7,0,58,2,0,99,80,0,0,90,35,20,54,1,43,0,0,0,0,0,0,7,0,97,2,0,99,80,0,0,90,35,20,54,1,43,0,0,0,0,0,2,7,0,71,2
1,24,EVOLUTION,0,99,87,79,0,13,31,50,41,0,0,15,0,0,1,0,0,14,0,99,3,0,99,87,79,0,13,31,50,41,0,2,15,0,0,1,0,0,0,0,85,4,0,99,87,79,0,13,31,50,41,0,0,15,0,0,1,0,0,7,0,99,3,0,99,87,79,0,13,31,50,41,0,1,15,0,0,1,0,0,8,0,99,4,0,99,95,0,0,56,64,50,41,0,0,15,0,0,1,0,0,6,0,97,4,0,99,27,0,0,56,77,50,41,1,7,15,0,0,1,0,0,8,0,98,2
32,25,WATER GDN,0,0,99,0,0,99,99,60,65,1,0,39,0,0,0,0,0,7,0,99,0,0,0,99,0,0,40,99,60,72,1,50,39,0,0,0,0,0,7,0,99,0,0,0,99,0,0,25,99,60,77,2,0,39,0,0,0,0,0,7,0,99,0,0,0,99,0,0,20,99,60,80,2,50,39,0,0,0,0,0,7,0,95,0,0,0,99,0,0,14,99,60,80,6,0,39,0,0,0,0,0,7,0,93,0,0,0,99,0,0,9,99,60,81,12,0,39,0,0,0,0,0,7,0,99,0
18,26,WASP STING,0,99,90,99,0,35,20,20,26,1,0,0,0,0,0,0,0,7,0,83,2,0,99,90,80,0,13,20,20,34,0,0,0,0,0,0,0,1,7,0,99,2,0,99,90,80,0,68,20,20,79,0,0,0,0,0,0,0,1,7,0,99,2,0,99,90,80,0,68,20,20,70,1,0,0,0,0,0,0,0,7,0,97,2,0,99,90,80,0,68,20,20,70,1,0,0,0,0,0,0,2,10,0,99,2,0,99,90,80,0,60,15,15,70,1,1,0,0,0,0,0,2,7,0,80,2
32,27,MULTI NOTE,0,0,0,99,0,99,99,99,60,0,0,39,0,0,0,0,0,7,0,99,0,0,0,0,99,0,22,99,99,60,1,0,39,0,0,0,0,0,7,0,99,0,0,0,0,99,0,14,99,99,60,2,0,39,0,0,0,0,0,7,0,99,0,0,0,0,99,0,8,99,99,60,1,50,39,0,0,0,0,0,7,0,95,0,0,0,0,99,0,5,99,99,60,3,0,39,0,0,0,0,0,7,0,93,0,0,0,0,99,0,3,99,99,60,4,0,39,0,0,0,0,0,7,0,99,0
1,28,DESCENT,0,99,99,0,0,30,25,10,30,0,0,15,0,0,1,0,0,14,0,99,3,0,99,99,0,0,13,31,0,0,0,2,15,0,0,1,0,0,0,0,95,4,0,99,99,0,0,30,22,12,30,0,0,15,0,0,1,0,5,7,0,99,3,0,99,99,0,0,13,31,0,0,3,0,15,0,0,1,0,1,8,0,76,4,0,99,99,0,0,13,31,0,0,1,0,15,0,0,1,0,0,6,0,64,4,0,99,99,0,0,13,31,0,0,8,0,15,0,0,1,0,0,8,0,77,4
7,29,OCTAVE WAR,0,99,72,89,0,48,15,54,28,3,0,15,0,0,1,96,0,7,0,99,3,0,99,72,89,0,48,15,54,28,3,0,15,0,0,1,96,0,7,0,93,3,0,99,72,89,0,48,15,54,28,2,0,15,0,0,1,96,0,7,0,99,3,0,99,72,89,0,48,15,54,28,8,0,15,0,0,1,96,0,7,0,44,3,0,99,99,98,5,80,40,36,44,1,0,15,0,0,1,11,0,8,0,64,3,0,99,99,98,5,75,40,36,44,0,0,15,0,0,1,82,0,8,0,69,7
8,30,..GOTCHA..,0,99,99,85,0,99,53,85,49,0,0,0,0,0,0,0,1,7,0,99,0,0,99,32,89,0,22,99,42,35,3,2,0,0,0,0,0,2,7,0,99,0,0,99,99,0,0,36,53,20,53,0,0,0,0,0,0,0,1,7,0,99,0,0,99,33,0,0,34,99,20,27,2,11,0,0,0,1,0,2,7,0,99,0,0,99,97,87,0,19,79,20,40,0,1,10,0,0,1,0,2,7,0,99,3,0,99,99,0,0,14,99,20,30,0,0,10,0,0,1,0,2,7,0,99,2
17,31,ST.HELENS,0,99,23,0,86,45,14,14,32,0,0,39,0,0,0,0,0,7,0,99,0,0,99,23,0,85,45,14,14,19,0,3,39,0,0,0,0,0,7,0,92,0,0,0,0,99,85,21,20,99,19,0,9,79,3,67,0,99,0,7,0,97,7,0,0,0,99,89,32,20,99,20,0,23,97,3,69,0,99,0,7,0,93,7,0,0,0,99,90,28,20,99,18,0,20,98,3,72,0,99,0,7,0,98,7,0,99,0,99,89,19,20,99,19,0,49,99,3,72,0,99,0,7,0,96,7
16,32,EXPLOSION,0,99,99,0,0,99,45,24,13,0,0,32,0,0,0,0,2,0,0,70,3,0,99,93,0,0,99,50,22,17,2,0,32,0,0,0,0,2,7,1,82,3,0,85,99,0,0,85,42,25,11,0,30,32,0,0,0,0,1,14,0,83,3,0,99,95,0,0,99,45,24,9,0,2,32,0,0,0,0,7,7,0,99,3,0,99,95,0,0,99,45,24,12,7,9,32,0,0,0,0,7,5,0,60,3,0,99,85,0,0,95,82,0,0,0,3,32,0,0,0,0,0,7,0,99,3
